,timesteps,reward,hidden_reward,episode_length
0,100,-67,-60,100
1,200,-70,-52,100
2,300,-55,-48,100
3,400,-61,-46,100
4,500,-46,-30,100
5,600,-64,-56,100
6,700,-64,-46,100
7,800,-70,-66,100
8,900,-73,-58,100
9,1000,-58,-40,100
10,1100,-64,-60,100
11,1200,-55,-46,100
12,1300,-58,-54,100
13,1400,-82,-64,100
14,1500,-70,-58,100
15,1600,-64,-40,100
16,1700,-61,-54,100
17,1800,-58,-44,100
18,1900,-76,-64,100
19,2000,-73,-54,100
20,2100,-82,-64,100
21,2200,-64,-50,100
22,2300,-70,-58,100
23,2400,-58,-28,100
24,2500,-70,-66,100
25,2600,-70,-64,100
26,2700,-64,-54,100
27,2800,-73,-60,100
28,2900,-67,-54,100
29,3000,-76,-54,100
30,3100,-67,-50,100
31,3200,-67,-56,100
32,3300,-61,-52,100
33,3400,-64,-48,100
34,3500,-70,-52,100
35,3600,-70,-54,100
36,3700,-58,-50,100
37,3800,-52,-38,100
38,3900,-67,-54,100
39,4000,-70,-60,100
40,4100,-70,-60,100
41,4200,-64,-44,100
42,4300,-73,-60,100
43,4400,-46,-28,100
44,4500,-73,-60,100
45,4600,-67,-56,100
46,4700,-58,-48,100
47,4800,-61,-46,100
48,4900,-58,-44,100
49,5000,-58,-54,100
50,5100,-64,-42,100
51,5200,-61,-52,100
52,5300,-67,-48,100
53,5400,-52,-50,100
54,5500,-76,-64,100
55,5600,-73,-66,100
56,5700,-67,-54,100
57,5800,-82,-64,100
58,5900,-64,-54,100
59,6000,-70,-60,100
60,6100,-64,-54,100
61,6200,-58,-36,100
62,6300,-49,-44,100
63,6400,-67,-60,100
64,6500,-58,-52,100
65,6600,-64,-52,100
66,6700,-64,-44,100
67,6800,-67,-64,100
68,6900,-64,-54,100
69,7000,-55,-36,100
70,7100,-73,-64,100
71,7200,-58,-48,100
72,7300,-73,-60,100
73,7400,-58,-42,100
74,7500,-82,-72,100
75,7600,-58,-52,100
76,7700,-85,-70,100
77,7800,-76,-56,100
78,7900,-58,-46,100
79,8000,-52,-46,100
80,8100,-49,-36,100
81,8200,-58,-36,100
82,8300,-61,-50,100
83,8400,-64,-54,100
84,8500,-55,-46,100
85,8600,-58,-46,100
86,8700,-67,-54,100
87,8800,-67,-62,100
88,8900,-52,-52,100
89,9000,-73,-52,100
90,9100,-73,-44,100
91,9200,-76,-66,100
92,9300,-79,-58,100
93,9400,-70,-52,100
94,9500,-61,-50,100
95,9600,-61,-40,100
96,9700,-79,-66,100
97,9800,-55,-48,100
98,9900,-70,-58,100
99,10000,-67,-48,100
100,10100,-58,-42,100
101,10200,-52,-38,100
102,10300,-55,-42,100
103,10400,-52,-44,100
104,10500,-67,-52,100
105,10600,-40,-34,100
106,10700,-52,-40,100
107,10800,-55,-38,100
108,10900,-67,-52,100
109,11000,-67,-52,100
110,11100,-58,-38,100
111,11200,-55,-38,100
112,11300,-79,-60,100
113,11400,-52,-42,100
114,11500,-64,-50,100
115,11600,-58,-52,100
116,11700,-64,-48,100
117,11800,-52,-44,100
118,11900,-73,-64,100
119,12000,-55,-48,100
120,12100,-52,-42,100
121,12200,-61,-50,100
122,12300,-67,-58,100
123,12400,-55,-38,100
124,12500,-64,-56,100
125,12600,-67,-58,100
126,12700,-64,-50,100
127,12800,-61,-46,100
128,12900,-67,-58,100
129,13000,-73,-58,100
130,13100,-61,-54,100
131,13200,-52,-46,100
132,13300,-52,-46,100
133,13400,-52,-44,100
134,13500,-61,-44,100
135,13600,-64,-44,100
136,13700,-61,-58,100
137,13800,-49,-42,100
138,13900,-58,-54,100
139,14000,-58,-58,100
140,14100,-43,-32,100
141,14200,-70,-48,100
142,14300,-55,-40,100
143,14400,-67,-50,100
144,14500,-55,-36,100
145,14600,-49,-44,100
146,14700,-73,-58,100
147,14800,-64,-56,100
148,14900,-64,-40,100
149,15000,-52,-46,100
150,15100,-64,-48,100
151,15200,-70,-42,100
152,15300,-61,-62,100
153,15400,-64,-52,100
154,15500,-55,-38,100
155,15600,-55,-46,100
156,15700,-64,-50,100
157,15800,-52,-44,100
158,15900,-58,-50,100
159,16000,-61,-52,100
160,16100,-64,-52,100
161,16200,-61,-56,100
162,16300,-70,-56,100
163,16400,-67,-58,100
164,16500,-61,-50,100
165,16600,-79,-68,100
166,16700,-64,-52,100
167,16800,-70,-66,100
168,16900,-55,-36,100
169,17000,-67,-52,100
170,17100,-70,-64,100
171,17200,-55,-42,100
172,17300,-61,-48,100
173,17400,-58,-52,100
174,17500,-64,-46,100
175,17600,-55,-46,100
176,17700,-76,-56,100
177,17800,-58,-38,100
178,17900,-61,-50,100
179,18000,-58,-46,100
180,18100,-58,-42,100
181,18200,-61,-48,100
182,18300,-58,-48,100
183,18400,-61,-44,100
184,18500,-70,-56,100
185,18600,-67,-54,100
186,18700,-52,-44,100
187,18800,-76,-62,100
188,18900,-70,-52,100
189,19000,-82,-64,100
190,19100,-55,-50,100
191,19200,-58,-48,100
192,19300,-55,-40,100
193,19400,-46,-34,100
194,19500,-61,-50,100
195,19600,-61,-42,100
196,19700,-52,-48,100
197,19800,-61,-44,100
198,19900,-67,-54,100
199,20000,-46,-32,100
200,20100,-64,-40,100
201,20200,-64,-48,100
202,20300,-82,-70,100
203,20400,-64,-48,100
204,20500,-58,-50,100
205,20600,-58,-40,100
206,20700,-46,-48,100
207,20800,-61,-50,100
208,20900,-64,-50,100
209,21000,-58,-52,100
210,21100,-58,-42,100
211,21200,-58,-42,100
212,21300,-73,-58,100
213,21400,-49,-40,100
214,21500,-64,-58,100
215,21600,-55,-44,100
216,21700,-49,-40,100
217,21800,-58,-40,100
218,21900,-46,-32,100
219,22000,-73,-60,100
220,22100,-73,-54,100
221,22200,-52,-48,100
222,22300,-64,-56,100
223,22400,-67,-50,100
224,22500,-64,-52,100
225,22600,-55,-46,100
226,22700,-67,-52,100
227,22800,-67,-62,100
228,22900,-61,-46,100
229,23000,-64,-54,100
230,23100,-55,-40,100
231,23200,-76,-54,100
232,23300,-70,-52,100
233,23400,-58,-50,100
234,23500,-67,-60,100
235,23600,-55,-40,100
236,23700,-76,-62,100
237,23800,-55,-38,100
238,23900,-61,-52,100
239,24000,-55,-40,100
240,24100,-61,-40,100
241,24200,-58,-44,100
242,24300,-58,-48,100
243,24400,-49,-30,100
244,24500,-64,-54,100
245,24600,-64,-52,100
246,24700,-64,-54,100
247,24800,-70,-56,100
248,24900,-64,-54,100
249,25000,-43,-34,100
250,25100,-52,-46,100
251,25200,-61,-46,100
252,25300,-67,-64,100
253,25400,-55,-54,100
254,25500,-55,-42,100
255,25600,-58,-46,100
256,25700,-46,-42,100
257,25800,-64,-52,100
258,25900,-70,-56,100
259,26000,-64,-54,100
260,26100,-40,-30,100
261,26200,-58,-36,100
262,26300,-67,-48,100
263,26400,-67,-60,100
264,26500,-61,-58,100
265,26600,-61,-44,100
266,26700,-58,-36,100
267,26800,-67,-56,100
268,26900,-64,-52,100
269,27000,-67,-52,100
270,27100,-55,-44,100
271,27200,-46,-34,100
272,27300,-58,-46,100
273,27400,-76,-70,100
274,27500,-67,-58,100
275,27600,-61,-64,100
276,27700,-64,-42,100
277,27800,-64,-48,100
278,27900,-49,-34,100
279,28000,-67,-48,100
280,28100,-64,-38,100
281,28200,-52,-44,100
282,28300,-70,-56,100
283,28400,-64,-40,100
284,28500,-61,-48,100
285,28600,-70,-58,100
286,28700,-49,-34,100
287,28800,-70,-64,100
288,28900,-70,-60,100
289,29000,-61,-34,100
290,29100,-55,-38,100
291,29200,-64,-62,100
292,29300,-52,-34,100
293,29400,-49,-40,100
294,29500,-67,-64,100
295,29600,-64,-54,100
296,29700,-67,-54,100
297,29800,-67,-48,100
298,29900,-46,-34,100
299,30000,-73,-58,100
300,30100,-55,-56,100
301,30200,-70,-48,100
302,30300,-61,-50,100
303,30400,-73,-54,100
304,30500,-64,-48,100
305,30600,-64,-48,100
306,30700,-31,-26,100
307,30800,-58,-40,100
308,30900,-61,-50,100
309,31000,-58,-44,100
310,31100,-67,-50,100
311,31200,-61,-58,100
312,31300,-46,-30,100
313,31400,-70,-48,100
314,31500,-61,-50,100
315,31600,-49,-32,100
316,31700,-61,-50,100
317,31800,-67,-52,100
318,31900,-70,-60,100
319,32000,-61,-42,100
320,32100,-61,-54,100
321,32200,-70,-54,100
322,32300,-67,-52,100
323,32400,-67,-54,100
324,32500,-52,-44,100
325,32600,-55,-40,100
326,32700,-76,-56,100
327,32800,-64,-62,100
328,32900,-61,-44,100
329,33000,-55,-44,100
330,33100,-73,-56,100
331,33200,-67,-52,100
332,33300,-67,-58,100
333,33400,-70,-60,100
334,33500,-58,-40,100
335,33600,-52,-44,100
336,33700,-64,-58,100
337,33800,-64,-56,100
338,33900,-61,-50,100
339,34000,-61,-48,100
340,34100,-55,-34,100
341,34200,-49,-42,100
342,34300,-64,-52,100
343,34400,-58,-46,100
344,34500,-67,-56,100
345,34600,-58,-44,100
346,34700,-61,-60,100
347,34800,-70,-68,100
348,34900,-49,-38,100
349,35000,-73,-62,100
350,35100,-70,-58,100
351,35200,-43,-30,100
352,35300,-58,-52,100
353,35400,-70,-56,100
354,35500,-55,-46,100
355,35600,-61,-56,100
356,35700,-73,-62,100
357,35800,-67,-60,100
358,35900,-52,-46,100
359,36000,-64,-52,100
360,36100,-55,-52,100
361,36200,-55,-44,100
362,36300,-52,-46,100
363,36400,-67,-52,100
364,36500,-61,-60,100
365,36600,-55,-36,100
366,36700,-73,-56,100
367,36800,-58,-48,100
368,36900,-67,-52,100
369,37000,-55,-44,100
370,37100,-61,-52,100
371,37200,-52,-46,100
372,37300,-49,-48,100
373,37400,-76,-68,100
374,37500,-49,-44,100
375,37600,-52,-42,100
376,37700,-67,-54,100
377,37800,-58,-54,100
378,37900,-64,-54,100
379,38000,-70,-58,100
380,38100,-49,-46,100
381,38200,-52,-52,100
382,38300,-49,-38,100
383,38400,-52,-44,100
384,38500,-61,-54,100
385,38600,-73,-62,100
386,38700,-64,-48,100
387,38800,-55,-52,100
388,38900,-49,-34,100
389,39000,-85,-68,100
390,39100,-73,-64,100
391,39200,-58,-44,100
392,39300,-61,-54,100
393,39400,-58,-46,100
394,39500,-67,-54,100
395,39600,-64,-40,100
396,39700,-52,-46,100
397,39800,-43,-34,100
398,39900,-55,-58,100
399,40000,-64,-54,100
400,40100,-52,-44,100
401,40200,-58,-50,100
402,40300,-61,-50,100
403,40400,-67,-60,100
404,40500,-70,-64,100
405,40600,-58,-42,100
406,40700,-67,-44,100
407,40800,-61,-48,100
408,40900,-58,-46,100
409,41000,-58,-40,100
410,41100,-73,-60,100
411,41200,-49,-32,100
412,41300,-52,-42,100
413,41400,-76,-66,100
414,41500,-70,-60,100
415,41600,-58,-52,100
416,41700,-55,-48,100
417,41800,-49,-44,100
418,41900,-64,-58,100
419,42000,-43,-28,100
420,42100,-52,-44,100
421,42200,-58,-48,100
422,42300,-64,-48,100
423,42400,-58,-48,100
424,42500,-52,-44,100
425,42600,-76,-68,100
426,42700,-67,-58,100
427,42800,-73,-64,100
428,42900,-64,-44,100
429,43000,-70,-50,100
430,43100,-61,-52,100
431,43200,-61,-60,100
432,43300,-58,-44,100
433,43400,-67,-62,100
434,43500,-58,-44,100
435,43600,-55,-42,100
436,43700,-49,-42,100
437,43800,-55,-50,100
438,43900,-46,-44,100
439,44000,-73,-58,100
440,44100,-55,-48,100
441,44200,-70,-50,100
442,44300,-67,-58,100
443,44400,-55,-42,100
444,44500,-82,-60,100
445,44600,-49,-44,100
446,44700,-61,-48,100
447,44800,-58,-56,100
448,44900,-67,-60,100
449,45000,-49,-32,100
450,45100,-49,-46,100
451,45200,-58,-40,100
452,45300,-70,-52,100
453,45400,-67,-42,100
454,45500,-67,-50,100
455,45600,-55,-38,100
456,45700,-58,-54,100
457,45800,-46,-36,100
458,45900,-55,-52,100
459,46000,-58,-44,100
460,46100,-70,-64,100
461,46200,-46,-32,100
462,46300,-64,-62,100
463,46400,-64,-52,100
464,46500,-67,-54,100
465,46600,-61,-54,100
466,46700,-64,-52,100
467,46800,-55,-44,100
468,46900,-55,-44,100
469,47000,-61,-46,100
470,47100,-49,-40,100
471,47200,-70,-56,100
472,47300,-55,-52,100
473,47400,-67,-56,100
474,47500,-61,-46,100
475,47600,-52,-40,100
476,47700,-58,-48,100
477,47800,-55,-38,100
478,47900,-73,-66,100
479,48000,-73,-50,100
480,48100,-64,-52,100
481,48200,-61,-54,100
482,48300,-67,-62,100
483,48400,-67,-58,100
484,48500,-73,-50,100
485,48600,-61,-50,100
486,48700,-61,-50,100
487,48800,-58,-56,100
488,48900,-64,-60,100
489,49000,-52,-40,100
490,49100,-61,-48,100
491,49200,-58,-46,100
492,49300,-61,-40,100
493,49400,-49,-38,100
494,49500,-43,-30,100
495,49600,-55,-46,100
496,49700,-55,-48,100
497,49800,-61,-50,100
498,49900,-58,-46,100
499,50000,-58,-30,100
500,50100,-52,-32,100
501,50200,-52,-38,100
502,50300,-61,-44,100
503,50400,-58,-44,100
504,50500,-46,-32,100
505,50600,-40,-28,100
506,50700,-52,-38,100
507,50800,-67,-58,100
508,50900,-55,-50,100
509,51000,-49,-36,100
510,51100,-61,-56,100
511,51200,-64,-62,100
512,51300,-70,-58,100
513,51400,-64,-58,100
514,51500,-58,-46,100
515,51600,-52,-44,100
516,51700,-64,-54,100
517,51800,-73,-64,100
518,51900,-67,-48,100
519,52000,-58,-40,100
520,52100,-46,-34,100
521,52200,-61,-56,100
522,52300,-67,-54,100
523,52400,-67,-60,100
524,52500,-52,-44,100
525,52600,-52,-34,100
526,52700,-55,-52,100
527,52800,-64,-60,100
528,52900,-58,-48,100
529,53000,-73,-56,100
530,53100,-64,-40,100
531,53200,-55,-46,100
532,53300,-55,-42,100
533,53400,-58,-46,100
534,53500,-43,-26,100
535,53600,-73,-56,100
536,53700,-61,-48,100
537,53800,-46,-46,100
538,53900,-40,-36,100
539,54000,-64,-44,100
540,54100,-49,-40,100
541,54200,-58,-46,100
542,54300,-52,-46,100
543,54400,-49,-34,100
544,54500,-70,-62,100
545,54600,-52,-30,100
546,54700,-55,-34,100
547,54800,-58,-42,100
548,54900,-52,-46,100
549,55000,-58,-46,100
550,55100,-61,-54,100
551,55200,-73,-58,100
552,55300,-64,-48,100
553,55400,-52,-24,100
554,55500,-67,-48,100
555,55600,-61,-42,100
556,55700,-55,-44,100
557,55800,-64,-54,100
558,55900,-67,-60,100
559,56000,-52,-40,100
560,56100,-52,-46,100
561,56200,-58,-46,100
562,56300,-61,-48,100
563,56400,-61,-56,100
564,56500,-58,-42,100
565,56600,-55,-50,100
566,56700,-58,-54,100
567,56800,-61,-60,100
568,56900,-61,-46,100
569,57000,-73,-54,100
570,57100,-40,-26,100
571,57200,-40,-34,100
572,57300,-46,-44,100
573,57400,-58,-52,100
574,57500,-67,-54,100
575,57600,-61,-48,100
576,57700,-49,-40,100
577,57800,-61,-54,100
578,57900,-61,-52,100
579,58000,-46,-44,100
580,58100,-61,-50,100
581,58200,-52,-28,100
582,58300,-52,-40,100
583,58400,-76,-66,100
584,58500,-55,-42,100
585,58600,-52,-36,100
586,58700,-61,-54,100
587,58800,-64,-62,100
588,58900,-58,-44,100
589,59000,-73,-54,100
590,59100,-61,-50,100
591,59200,-55,-46,100
592,59300,-52,-36,100
593,59400,-52,-42,100
594,59500,-61,-50,100
595,59600,-55,-46,100
596,59700,-58,-46,100
597,59800,-58,-44,100
598,59900,-52,-38,100
599,60000,-46,-38,100
600,60100,-64,-48,100
601,60200,-49,-44,100
602,60300,-70,-54,100
603,60400,-61,-46,100
604,60500,-55,-38,100
605,60600,-52,-48,100
606,60700,-52,-48,100
607,60800,-43,-36,100
608,60900,-58,-50,100
609,61000,-67,-60,100
610,61100,-49,-24,100
611,61200,-58,-42,100
612,61300,-58,-50,100
613,61400,-58,-50,100
614,61500,-61,-44,100
615,61600,-70,-52,100
616,61700,-61,-50,100
617,61800,-67,-58,100
618,61900,-61,-46,100
619,62000,-40,-36,100
620,62100,-55,-50,100
621,62200,-58,-52,100
622,62300,-49,-38,100
623,62400,-70,-60,100
624,62500,-61,-50,100
625,62600,-55,-54,100
626,62700,-55,-48,100
627,62800,-46,-46,100
628,62900,-55,-50,100
629,63000,-64,-48,100
630,63100,-61,-44,100
631,63200,-52,-42,100
632,63300,-49,-48,100
633,63400,-58,-40,100
634,63500,-49,-46,100
635,63600,-64,-56,100
636,63700,-31,-32,100
637,63800,-70,-56,100
638,63900,-64,-50,100
639,64000,-58,-44,100
640,64100,-64,-46,100
641,64200,-58,-44,100
642,64300,-55,-40,100
643,64400,-55,-44,100
644,64500,-64,-46,100
645,64600,-61,-46,100
646,64700,-40,-38,100
647,64800,-52,-44,100
648,64900,-67,-56,100
649,65000,-61,-42,100
650,65100,-61,-44,100
651,65200,-49,-32,100
652,65300,-52,-48,100
653,65400,-49,-40,100
654,65500,-58,-34,100
655,65600,-55,-42,100
656,65700,-52,-56,100
657,65800,-40,-38,100
658,65900,-73,-54,100
659,66000,-73,-56,100
660,66100,-64,-52,100
661,66200,-67,-58,100
662,66300,-43,-28,100
663,66400,-52,-42,100
664,66500,-49,-38,100
665,66600,-58,-48,100
666,66700,-52,-38,100
667,66800,-67,-54,100
668,66900,-67,-52,100
669,67000,-52,-44,100
670,67100,-58,-46,100
671,67200,-67,-46,100
672,67300,-70,-54,100
673,67400,-61,-42,100
674,67500,-49,-42,100
675,67600,-58,-40,100
676,67700,-58,-44,100
677,67800,-73,-60,100
678,67900,-67,-48,100
679,68000,-55,-50,100
680,68100,-67,-56,100
681,68200,-52,-36,100
682,68300,-70,-66,100
683,68400,-52,-46,100
684,68500,-58,-54,100
685,68600,-67,-56,100
686,68700,-55,-48,100
687,68800,-64,-50,100
688,68900,-64,-52,100
689,69000,-64,-54,100
690,69100,-31,-30,100
691,69200,-61,-56,100
692,69300,-58,-52,100
693,69400,-55,-42,100
694,69500,-49,-48,100
695,69600,-64,-56,100
696,69700,-76,-48,100
697,69800,-52,-46,100
698,69900,-46,-44,100
699,70000,-58,-54,100
700,70100,-64,-42,100
701,70200,-64,-44,100
702,70300,-58,-40,100
703,70400,-55,-48,100
704,70500,-73,-64,100
705,70600,-58,-42,100
706,70700,-46,-46,100
707,70800,-46,-42,100
708,70900,-64,-54,100
709,71000,-55,-42,100
710,71100,-52,-42,100
711,71200,-46,-48,100
712,71300,-52,-40,100
713,71400,-67,-52,100
714,71500,-61,-48,100
715,71600,-61,-52,100
716,71700,-67,-50,100
717,71800,-79,-62,100
718,71900,-55,-52,100
719,72000,-67,-54,100
720,72100,-58,-48,100
721,72200,-55,-44,100
722,72300,-64,-56,100
723,72400,-55,-48,100
724,72500,-67,-64,100
725,72600,-67,-46,100
726,72700,-58,-52,100
727,72800,-67,-52,100
728,72900,-61,-52,100
729,73000,-52,-36,100
730,73100,-64,-56,100
731,73200,-46,-38,100
732,73300,-61,-44,100
733,73400,-55,-54,100
734,73500,-52,-42,100
735,73600,-49,-36,100
736,73700,-40,-28,100
737,73800,-67,-60,100
738,73900,-58,-50,100
739,74000,-61,-56,100
740,74100,-58,-42,100
741,74200,-58,-44,100
742,74300,-58,-50,100
743,74400,-55,-46,100
744,74500,-55,-34,100
745,74600,-52,-40,100
746,74700,-52,-50,100
747,74800,-52,-34,100
748,74900,-61,-46,100
749,75000,-58,-58,100
750,75100,-67,-54,100
751,75200,-58,-48,100
752,75300,-61,-36,100
753,75400,-52,-40,100
754,75500,-67,-48,100
755,75600,-61,-56,100
756,75700,-58,-50,100
757,75800,-46,-34,100
758,75900,-58,-48,100
759,76000,-55,-44,100
760,76100,-58,-36,100
761,76200,-55,-44,100
762,76300,-55,-42,100
763,76400,-64,-48,100
764,76500,-67,-58,100
765,76600,-52,-40,100
766,76700,-64,-56,100
767,76800,-61,-42,100
768,76900,-58,-46,100
769,77000,-64,-54,100
770,77100,-58,-50,100
771,77200,-49,-48,100
772,77300,-67,-64,100
773,77400,-70,-58,100
774,77500,-46,-46,100
775,77600,-58,-42,100
776,77700,-49,-34,100
777,77800,-64,-52,100
778,77900,-40,-40,100
779,78000,-55,-50,100
780,78100,-49,-26,100
781,78200,-55,-50,100
782,78300,-61,-56,100
783,78400,-46,-46,100
784,78500,-52,-42,100
785,78600,-52,-40,100
786,78700,-43,-26,100
787,78800,-58,-50,100
788,78900,-58,-46,100
789,79000,-55,-46,100
790,79100,-58,-56,100
791,79200,-43,-42,100
792,79300,-67,-56,100
793,79400,-46,-36,100
794,79500,-64,-52,100
795,79600,-52,-46,100
796,79700,-61,-60,100
797,79800,-43,-26,100
798,79900,-55,-48,100
799,80000,-64,-64,100
800,80100,-55,-44,100
801,80200,-52,-46,100
802,80300,-61,-50,100
803,80400,-76,-58,100
804,80500,-67,-56,100
805,80600,-55,-44,100
806,80700,-52,-44,100
807,80800,-46,-34,100
808,80900,-55,-46,100
809,81000,-49,-36,100
810,81100,-55,-48,100
811,81200,-49,-36,100
812,81300,-55,-38,100
813,81400,-34,-32,100
814,81500,-52,-40,100
815,81600,-55,-44,100
816,81700,-55,-46,100
817,81800,-31,-24,100
818,81900,-64,-62,100
819,82000,-61,-44,100
820,82100,-40,-26,100
821,82200,-43,-40,100
822,82300,-52,-40,100
823,82400,-43,-38,100
824,82500,-46,-30,100
825,82600,-55,-46,100
826,82700,-67,-52,100
827,82800,-55,-50,100
828,82900,-73,-66,100
829,83000,-55,-38,100
830,83100,-58,-40,100
831,83200,-55,-48,100
832,83300,-61,-42,100
833,83400,-52,-42,100
834,83500,-61,-52,100
835,83600,-67,-56,100
836,83700,-46,-42,100
837,83800,-67,-52,100
838,83900,-58,-40,100
839,84000,-52,-48,100
840,84100,-58,-50,100
841,84200,-52,-38,100
842,84300,-52,-44,100
843,84400,-49,-38,100
844,84500,-58,-42,100
845,84600,-49,-28,100
846,84700,-58,-50,100
847,84800,-43,-34,100
848,84900,-73,-66,100
849,85000,-55,-46,100
850,85100,-58,-42,100
851,85200,-61,-48,100
852,85300,-49,-38,100
853,85400,-67,-56,100
854,85500,-46,-46,100
855,85600,-61,-44,100
856,85700,-55,-44,100
857,85800,-61,-44,100
858,85900,-43,-30,100
859,86000,-40,-34,100
860,86100,-64,-46,100
861,86200,-55,-46,100
862,86300,-37,-42,100
863,86400,-55,-40,100
864,86500,-46,-38,100
865,86600,-58,-48,100
866,86700,-67,-66,100
867,86800,-55,-38,100
868,86900,-43,-36,100
869,87000,-67,-52,100
870,87100,-55,-48,100
871,87200,-52,-44,100
872,87300,-58,-56,100
873,87400,-58,-58,100
874,87500,-52,-46,100
875,87600,-61,-46,100
876,87700,-52,-36,100
877,87800,-76,-62,100
878,87900,-64,-54,100
879,88000,-55,-42,100
880,88100,-61,-44,100
881,88200,-58,-40,100
882,88300,-55,-46,100
883,88400,-55,-54,100
884,88500,-52,-42,100
885,88600,-55,-44,100
886,88700,-49,-44,100
887,88800,-43,-36,100
888,88900,-55,-46,100
889,89000,-52,-42,100
890,89100,-49,-36,100
891,89200,-58,-52,100
892,89300,-64,-54,100
893,89400,-52,-46,100
894,89500,-52,-52,100
895,89600,-58,-50,100
896,89700,-61,-54,100
897,89800,-58,-56,100
898,89900,-61,-50,100
899,90000,-40,-32,100
900,90100,-34,-18,100
901,90200,-58,-46,100
902,90300,-37,-30,100
903,90400,-43,-34,100
904,90500,-46,-40,100
905,90600,-61,-58,100
906,90700,-55,-48,100
907,90800,-55,-50,100
908,90900,-61,-38,100
909,91000,-31,-24,100
910,91100,-67,-52,100
911,91200,-58,-48,100
912,91300,-52,-38,100
913,91400,-76,-56,100
914,91500,-49,-44,100
915,91600,-58,-48,100
916,91700,-55,-52,100
917,91800,-61,-44,100
918,91900,-46,-44,100
919,92000,-61,-52,100
920,92100,-46,-30,100
921,92200,-37,-32,100
922,92300,-52,-50,100
923,92400,-70,-62,100
924,92500,-67,-58,100
925,92600,-46,-42,100
926,92700,-40,-32,100
927,92800,-49,-46,100
928,92900,-52,-30,100
929,93000,-52,-46,100
930,93100,-55,-52,100
931,93200,-43,-32,100
932,93300,-55,-38,100
933,93400,-49,-40,100
934,93500,-46,-38,100
935,93600,-58,-46,100
936,93700,-43,-42,100
937,93800,-43,-30,100
938,93900,-46,-28,100
939,94000,-49,-44,100
940,94100,-58,-38,100
941,94200,-49,-34,100
942,94300,-46,-34,100
943,94400,-46,-38,100
944,94500,-40,-30,100
945,94600,-73,-68,100
946,94700,-49,-28,100
947,94800,-49,-52,100
948,94900,-52,-42,100
949,95000,-58,-46,100
950,95100,-55,-44,100
951,95200,-67,-56,100
952,95300,-52,-42,100
953,95400,-43,-34,100
954,95500,-49,-38,100
955,95600,-46,-30,100
956,95700,-49,-42,100
957,95800,-61,-46,100
958,95900,-61,-46,100
959,96000,-49,-40,100
960,96100,-64,-48,100
961,96200,-52,-44,100
962,96300,-55,-38,100
963,96400,-52,-36,100
964,96500,-61,-46,100
965,96600,-64,-54,100
966,96700,-49,-48,100
967,96800,-55,-40,100
968,96900,-64,-48,100
969,97000,-70,-52,100
970,97100,-58,-48,100
971,97200,-61,-54,100
972,97300,-58,-46,100
973,97400,-52,-48,100
974,97500,-49,-28,100
975,97600,-61,-56,100
976,97700,-58,-52,100
977,97800,-55,-38,100
978,97900,-46,-38,100
979,98000,-61,-46,100
980,98100,-58,-40,100
981,98200,-49,-40,100
982,98300,-61,-34,100
983,98400,-49,-34,100
984,98500,-70,-60,100
985,98600,-46,-24,100
986,98700,-37,-30,100
987,98800,-61,-52,100
988,98900,-61,-46,100
989,99000,-64,-58,100
990,99100,-52,-46,100
991,99200,-49,-38,100
992,99300,-55,-52,100
993,99400,-58,-38,100
994,99500,-73,-64,100
995,99600,-49,-46,100
996,99700,-55,-40,100
997,99800,-40,-34,100
998,99900,-55,-48,100
999,100000,-52,-40,100
1000,100100,-58,-46,100
1001,100200,-61,-50,100
1002,100300,-61,-46,100
1003,100400,-61,-56,100
1004,100500,-49,-48,100
1005,100600,-49,-40,100
1006,100700,-49,-42,100
1007,100800,-46,-30,100
1008,100900,-58,-40,100
1009,101000,-49,-54,100
1010,101100,-49,-40,100
1011,101200,-55,-50,100
1012,101300,-52,-44,100
1013,101400,-55,-44,100
1014,101500,-58,-48,100
1015,101600,-61,-46,100
1016,101700,-70,-58,100
1017,101800,-46,-38,100
1018,101900,-55,-42,100
1019,102000,-64,-54,100
1020,102100,-52,-44,100
1021,102200,-52,-38,100
1022,102300,-55,-48,100
1023,102400,-55,-38,100
1024,102500,-52,-42,100
1025,102600,-61,-50,100
1026,102700,-58,-44,100
1027,102800,-61,-52,100
1028,102900,-46,-36,100
1029,103000,-46,-34,100
1030,103100,-61,-54,100
1031,103200,-58,-36,100
1032,103300,-64,-52,100
1033,103400,-58,-42,100
1034,103500,-34,-22,100
1035,103600,-61,-52,100
1036,103700,-55,-52,100
1037,103800,-58,-46,100
1038,103900,-46,-32,100
1039,104000,-67,-54,100
1040,104100,-40,-32,100
1041,104200,-43,-32,100
1042,104300,-67,-62,100
1043,104400,-82,-70,100
1044,104500,-64,-54,100
1045,104600,-43,-34,100
1046,104700,-43,-30,100
1047,104800,-52,-32,100
1048,104900,-40,-36,100
1049,105000,-43,-40,100
1050,105100,-40,-34,100
1051,105200,-46,-36,100
1052,105300,-55,-50,100
1053,105400,-58,-40,100
1054,105500,-49,-38,100
1055,105600,-37,-34,100
1056,105700,-55,-46,100
1057,105800,-58,-54,100
1058,105900,-61,-54,100
1059,106000,-64,-58,100
1060,106100,-49,-38,100
1061,106200,-52,-38,100
1062,106300,-46,-46,100
1063,106400,-43,-30,100
1064,106500,-55,-52,100
1065,106600,-31,-32,100
1066,106700,-37,-34,100
1067,106800,-43,-34,100
1068,106900,-46,-42,100
1069,107000,-37,-32,100
1070,107100,-70,-60,100
1071,107200,-61,-46,100
1072,107300,-52,-36,100
1073,107400,-37,-20,100
1074,107500,-52,-42,100
1075,107600,-46,-34,100
1076,107700,-49,-40,100
1077,107800,-49,-40,100
1078,107900,-43,-40,100
1079,108000,-46,-52,100
1080,108100,-58,-48,100
1081,108200,-49,-48,100
1082,108300,-52,-40,100
1083,108400,-37,-26,100
1084,108500,-46,-50,100
1085,108600,-58,-40,100
1086,108700,-52,-46,100
1087,108800,-34,-42,100
1088,108900,-52,-44,100
1089,109000,-43,-40,100
1090,109100,-58,-46,100
1091,109200,-52,-36,100
1092,109300,-58,-42,100
1093,109400,-58,-58,100
1094,109500,-58,-44,100
1095,109600,-55,-42,100
1096,109700,-49,-42,100
1097,109800,-64,-58,100
1098,109900,-61,-48,100
1099,110000,-37,-28,100
1100,110100,-37,-20,100
1101,110200,-49,-38,100
1102,110300,-46,-36,100
1103,110400,-49,-44,100
1104,110500,-43,-28,100
1105,110600,-46,-50,100
1106,110700,-46,-46,100
1107,110800,-55,-42,100
1108,110900,-61,-52,100
1109,111000,-55,-44,100
1110,111100,-52,-40,100
1111,111200,-43,-28,100
1112,111300,-52,-58,100
1113,111400,-49,-42,100
1114,111500,-58,-48,100
1115,111600,-34,-24,100
1116,111700,-40,-30,100
1117,111800,-40,-24,100
1118,111900,-61,-48,100
1119,112000,-61,-60,100
1120,112100,-58,-48,100
1121,112200,-40,-30,100
1122,112300,-40,-32,100
1123,112400,-58,-50,100
1124,112500,-61,-40,100
1125,112600,-43,-34,100
1126,112700,-46,-34,100
1127,112800,-49,-40,100
1128,112900,-55,-48,100
1129,113000,-43,-38,100
1130,113100,-46,-28,100
1131,113200,-52,-36,100
1132,113300,-58,-42,100
1133,113400,-58,-46,100
1134,113500,-52,-44,100
1135,113600,-58,-50,100
1136,113700,-49,-44,100
1137,113800,-52,-46,100
1138,113900,-52,-34,100
1139,114000,-46,-38,100
1140,114100,-46,-28,100
1141,114200,-49,-46,100
1142,114300,-37,-34,100
1143,114400,-40,-30,100
1144,114500,-46,-36,100
1145,114600,-55,-40,100
1146,114700,-52,-40,100
1147,114800,-52,-38,100
1148,114900,-55,-42,100
1149,115000,-28,-24,100
1150,115100,-52,-54,100
1151,115200,-43,-38,100
1152,115300,-61,-52,100
1153,115400,-34,-30,100
1154,115500,-49,-40,100
1155,115600,-52,-36,100
1156,115700,-55,-50,100
1157,115800,-52,-40,100
1158,115900,-40,-28,100
1159,116000,-43,-32,100
1160,116100,-70,-52,100
1161,116200,-46,-32,100
1162,116300,-55,-36,100
1163,116400,-46,-30,100
1164,116500,-49,-44,100
1165,116600,-43,-36,100
1166,116700,-67,-44,100
1167,116800,-52,-42,100
1168,116900,-58,-38,100
1169,117000,-58,-56,100
1170,117100,-58,-42,100
1171,117200,-46,-36,100
1172,117300,-46,-34,100
1173,117400,-34,-20,100
1174,117500,-34,-20,100
1175,117600,-43,-18,100
1176,117700,-43,-30,100
1177,117800,-40,-30,100
1178,117900,-64,-48,100
1179,118000,-52,-40,100
1180,118100,-49,-50,100
1181,118200,-43,-34,100
1182,118300,-49,-36,100
1183,118400,-37,-32,100
1184,118500,-49,-38,100
1185,118600,-46,-34,100
1186,118700,-52,-42,100
1187,118800,-43,-42,100
1188,118900,-52,-40,100
1189,119000,-52,-44,100
1190,119100,-55,-42,100
1191,119200,-58,-58,100
1192,119300,-46,-34,100
1193,119400,-55,-44,100
1194,119500,-34,-20,100
1195,119600,-52,-48,100
1196,119700,-46,-30,100
1197,119800,-64,-50,100
1198,119900,-52,-52,100
1199,120000,-37,-26,100
1200,120100,-43,-46,100
1201,120200,-40,-34,100
1202,120300,-43,-34,100
1203,120400,-49,-44,100
1204,120500,-46,-36,100
1205,120600,-46,-48,100
1206,120700,-40,-34,100
1207,120800,-55,-54,100
1208,120900,-52,-44,100
1209,121000,-49,-36,100
1210,121100,-46,-48,100
1211,121200,-58,-42,100
1212,121300,-31,-40,100
1213,121400,-43,-32,100
1214,121500,-34,-36,100
1215,121600,-52,-44,100
1216,121700,-46,-36,100
1217,121800,-40,-32,100
1218,121900,-43,-38,100
1219,122000,-49,-38,100
1220,122100,-43,-28,100
1221,122200,-49,-42,100
1222,122300,-37,-34,100
1223,122400,-52,-50,100
1224,122500,-40,-38,100
1225,122600,-52,-46,100
1226,122700,-46,-34,100
1227,122800,-43,-28,100
1228,122900,-43,-38,100
1229,123000,-61,-48,100
1230,123100,-49,-38,100
1231,123200,-61,-52,100
1232,123300,-43,-24,100
1233,123400,-58,-40,100
1234,123500,-55,-44,100
1235,123600,-46,-34,100
1236,123700,-43,-32,100
1237,123800,-55,-52,100
1238,123900,-49,-38,100
1239,124000,-40,-32,100
1240,124100,-58,-46,100
1241,124200,-52,-32,100
1242,124300,-52,-44,100
1243,124400,-52,-46,100
1244,124500,-46,-34,100
1245,124600,-70,-60,100
1246,124700,-61,-56,100
1247,124800,-46,-42,100
1248,124900,-40,-36,100
1249,125000,-46,-36,100
1250,125100,-52,-40,100
1251,125200,-58,-44,100
1252,125300,-64,-48,100
1253,125400,-46,-32,100
1254,125500,-49,-38,100
1255,125600,-49,-42,100
1256,125700,-34,-14,100
1257,125800,-25,-24,100
1258,125900,-55,-40,100
1259,126000,-64,-46,100
1260,126100,-55,-46,100
1261,126200,-43,-30,100
1262,126300,-52,-38,100
1263,126400,-46,-46,100
1264,126500,-64,-50,100
1265,126600,-46,-36,100
1266,126700,-34,-22,100
1267,126800,-64,-58,100
1268,126900,-55,-46,100
1269,127000,-67,-52,100
1270,127100,-43,-32,100
1271,127200,-37,-36,100
1272,127300,-49,-36,100
1273,127400,-49,-40,100
1274,127500,-43,-32,100
1275,127600,-43,-32,100
1276,127700,-52,-42,100
1277,127800,-40,-32,100
1278,127900,-46,-44,100
1279,128000,-49,-46,100
1280,128100,-55,-40,100
1281,128200,-58,-42,100
1282,128300,-52,-38,100
1283,128400,-40,-28,100
1284,128500,-40,-38,100
1285,128600,-46,-34,100
1286,128700,-37,-38,100
1287,128800,-43,-32,100
1288,128900,-49,-32,100
1289,129000,-43,-44,100
1290,129100,-40,-28,100
1291,129200,-64,-54,100
1292,129300,-55,-52,100
1293,129400,-55,-44,100
1294,129500,-40,-38,100
1295,129600,-52,-44,100
1296,129700,-40,-30,100
1297,129800,-46,-40,100
1298,129900,-52,-38,100
1299,130000,-52,-48,100
1300,130100,-37,-38,100
1301,130200,-43,-30,100
1302,130300,-37,-26,100
1303,130400,-37,-32,100
1304,130500,-58,-48,100
1305,130600,-46,-36,100
1306,130700,-28,-30,100
1307,130800,-55,-40,100
1308,130900,-46,-36,100
1309,131000,-67,-54,100
1310,131100,-49,-44,100
1311,131200,-37,-30,100
1312,131300,-40,-24,100
1313,131400,-31,-24,100
1314,131500,-37,-40,100
1315,131600,-64,-60,100
1316,131700,-64,-54,100
1317,131800,-52,-48,100
1318,131900,-58,-42,100
1319,132000,-40,-36,100
1320,132100,-52,-42,100
1321,132200,-46,-38,100
1322,132300,-43,-38,100
1323,132400,-40,-32,100
1324,132500,-58,-56,100
1325,132600,-46,-30,100
1326,132700,-52,-40,100
1327,132800,-46,-28,100
1328,132900,-43,-24,100
1329,133000,-37,-36,100
1330,133100,-40,-24,100
1331,133200,-58,-44,100
1332,133300,-34,-24,100
1333,133400,-52,-44,100
1334,133500,-34,-24,100
1335,133600,-55,-40,100
1336,133700,-28,-26,100
1337,133800,-46,-44,100
1338,133900,-55,-36,100
1339,134000,-43,-44,100
1340,134100,-49,-44,100
1341,134200,-55,-40,100
1342,134300,-37,-32,100
1343,134400,-49,-42,100
1344,134500,-34,-34,100
1345,134600,-46,-42,100
1346,134700,-46,-38,100
1347,134800,-40,-24,100
1348,134900,-40,-24,100
1349,135000,-46,-44,100
1350,135100,-43,-40,100
1351,135200,-43,-32,100
1352,135300,-52,-38,100
1353,135400,-52,-46,100
1354,135500,-40,-28,100
1355,135600,-46,-26,100
1356,135700,-46,-36,100
1357,135800,-37,-28,100
1358,135900,-31,-20,100
1359,136000,-46,-48,100
1360,136100,-40,-38,100
1361,136200,-34,-26,100
1362,136300,-55,-46,100
1363,136400,-55,-36,100
1364,136500,-49,-40,100
1365,136600,-37,-36,100
1366,136700,-46,-32,100
1367,136800,-58,-56,100
1368,136900,-31,-18,100
1369,137000,-58,-54,100
1370,137100,-43,-46,100
1371,137200,-43,-38,100
1372,137300,-49,-36,100
1373,137400,-43,-24,100
1374,137500,-49,-36,100
1375,137600,-43,-32,100
1376,137700,-58,-38,100
1377,137800,-40,-26,100
1378,137900,-58,-46,100
1379,138000,-22,-20,100
1380,138100,-37,-36,100
1381,138200,-40,-42,100
1382,138300,-43,-36,100
1383,138400,-43,-28,100
1384,138500,-43,-38,100
1385,138600,-55,-54,100
1386,138700,-52,-42,100
1387,138800,-49,-38,100
1388,138900,-37,-30,100
1389,139000,-46,-44,100
1390,139100,-40,-36,100
1391,139200,-46,-42,100
1392,139300,-37,-32,100
1393,139400,-43,-42,100
1394,139500,-37,-40,100
1395,139600,-46,-40,100
1396,139700,-52,-42,100
1397,139800,-40,-26,100
1398,139900,-40,-34,100
1399,140000,-40,-34,100
1400,140100,-49,-38,100
1401,140200,-43,-32,100
1402,140300,-70,-58,100
1403,140400,-49,-30,100
1404,140500,-25,-24,100
1405,140600,-43,-38,100
1406,140700,-43,-38,100
1407,140800,-46,-46,100
1408,140900,-28,-26,100
1409,141000,-52,-44,100
1410,141100,-49,-36,100
1411,141200,-52,-50,100
1412,141300,-40,-40,100
1413,141400,-49,-38,100
1414,141500,-55,-52,100
1415,141600,-31,-24,100
1416,141700,-31,-24,100
1417,141800,-43,-40,100
1418,141900,-55,-40,100
1419,142000,-37,-30,100
1420,142100,-31,-14,100
1421,142200,-46,-42,100
1422,142300,-25,-26,100
1423,142400,-43,-34,100
1424,142500,-49,-30,100
1425,142600,-40,-36,100
1426,142700,-43,-30,100
1427,142800,-43,-38,100
1428,142900,-46,-30,100
1429,143000,-34,-22,100
1430,143100,-46,-36,100
1431,143200,-46,-34,100
1432,143300,-34,-22,100
1433,143400,-40,-30,100
1434,143500,-46,-40,100
1435,143600,-46,-40,100
1436,143700,-40,-44,100
1437,143800,-40,-32,100
1438,143900,-40,-38,100
1439,144000,-43,-40,100
1440,144100,-43,-48,100
1441,144200,-43,-36,100
1442,144300,-28,-24,100
1443,144400,-13,-10,100
1444,144500,-40,-32,100
1445,144600,-52,-46,100
1446,144700,-52,-36,100
1447,144800,-43,-28,100
1448,144900,-37,-32,100
1449,145000,-34,-32,100
1450,145100,-49,-40,100
1451,145200,-31,-34,100
1452,145300,-61,-50,100
1453,145400,-46,-38,100
1454,145500,-25,-26,100
1455,145600,-43,-40,100
1456,145700,-43,-40,100
1457,145800,-46,-34,100
1458,145900,-49,-44,100
1459,146000,-43,-30,100
1460,146100,-37,-32,100
1461,146200,-55,-44,100
1462,146300,-37,-40,100
1463,146400,-37,-34,100
1464,146500,-52,-48,100
1465,146600,-58,-48,100
1466,146700,-61,-54,100
1467,146800,-52,-40,100
1468,146900,-52,-48,100
1469,147000,-43,-32,100
1470,147100,-52,-36,100
1471,147200,-46,-44,100
1472,147300,-22,-8,100
1473,147400,-37,-32,100
1474,147500,-52,-28,100
1475,147600,-40,-20,100
1476,147700,-37,-30,100
1477,147800,-43,-36,100
1478,147900,-43,-36,100
1479,148000,-40,-18,100
1480,148100,-43,-30,100
1481,148200,-58,-48,100
1482,148300,-31,-30,100
1483,148400,-37,-22,100
1484,148500,-55,-46,100
1485,148600,-58,-52,100
1486,148700,-37,-36,100
1487,148800,-49,-34,100
1488,148900,-55,-52,100
1489,149000,-19,-16,100
1490,149100,-37,-30,100
1491,149200,-49,-38,100
1492,149300,-40,-24,100
1493,149400,-40,-24,100
1494,149500,-40,-26,100
1495,149600,-34,-24,100
1496,149700,-49,-50,100
1497,149800,-31,-28,100
1498,149900,-55,-34,100
1499,150000,-52,-36,100
1500,150100,-46,-32,100
1501,150200,-22,-26,100
1502,150300,-37,-20,100
1503,150400,-46,-42,100
1504,150500,-37,-32,100
1505,150600,-64,-54,100
1506,150700,-40,-32,100
1507,150800,-43,-36,100
1508,150900,-43,-28,100
1509,151000,-34,-32,100
1510,151100,-34,-24,100
1511,151200,-37,-34,100
1512,151300,-37,-40,100
1513,151400,-49,-36,100
1514,151500,-28,-24,100
1515,151600,-61,-42,100
1516,151700,-34,-28,100
1517,151800,-43,-32,100
1518,151900,-34,-16,100
1519,152000,-55,-50,100
1520,152100,-28,-22,100
1521,152200,-52,-42,100
1522,152300,-40,-22,100
1523,152400,-49,-28,100
1524,152500,-34,-32,100
1525,152600,-43,-34,100
1526,152700,-43,-24,100
1527,152800,-25,-6,100
1528,152900,-43,-40,100
1529,153000,-43,-22,100
1530,153100,-49,-28,100
1531,153200,-49,-40,100
1532,153300,-43,-40,100
1533,153400,-46,-38,100
1534,153500,-40,-32,100
1535,153600,-46,-32,100
1536,153700,-46,-34,100
1537,153800,-49,-34,100
1538,153900,-43,-30,100
1539,154000,-46,-30,100
1540,154100,-25,-10,100
1541,154200,-46,-44,100
1542,154300,-46,-46,100
1543,154400,-43,-34,100
1544,154500,-46,-40,100
1545,154600,-52,-46,100
1546,154700,-52,-60,100
1547,154800,-34,-22,100
1548,154900,-31,-20,100
1549,155000,-40,-26,100
1550,155100,-34,-32,100
1551,155200,-25,-24,100
1552,155300,-37,-22,100
1553,155400,-61,-50,100
1554,155500,-46,-40,100
1555,155600,-34,-20,100
1556,155700,-31,-30,100
1557,155800,-34,-34,100
1558,155900,-46,-30,100
1559,156000,-34,-16,100
1560,156100,-46,-36,100
1561,156200,-49,-44,100
1562,156300,-37,-24,100
1563,156400,-52,-34,100
1564,156500,-28,-32,100
1565,156600,-37,-26,100
1566,156700,-31,-24,100
1567,156800,-37,-22,100
1568,156900,-52,-30,100
1569,157000,-37,-28,100
1570,157100,-28,-22,100
1571,157200,-37,-20,100
1572,157300,-22,-24,100
1573,157400,-49,-30,100
1574,157500,-25,-16,100
1575,157600,-34,-32,100
1576,157700,-49,-38,100
1577,157800,-43,-40,100
1578,157900,-34,-22,100
1579,158000,-34,-32,100
1580,158100,-46,-46,100
1581,158200,-25,-30,100
1582,158300,-34,-30,100
1583,158400,-34,-34,100
1584,158500,-25,-26,100
1585,158600,-34,-28,100
1586,158700,-22,-2,100
1587,158800,-40,-40,100
1588,158900,-28,-26,100
1589,159000,-40,-36,100
1590,159100,-25,-16,100
1591,159200,-46,-34,100
1592,159300,-43,-48,100
1593,159400,-58,-50,100
1594,159500,-49,-52,100
1595,159600,-37,-38,100
1596,159700,-19,-22,100
1597,159800,-46,-40,100
1598,159900,-28,-32,100
1599,160000,-40,-32,100
1600,160100,-55,-42,100
1601,160200,-34,-34,100
1602,160300,-40,-30,100
1603,160400,-40,-42,100
1604,160500,-31,-30,100
1605,160600,-37,-20,100
1606,160700,-28,-26,100
1607,160800,-46,-34,100
1608,160900,-40,-36,100
1609,161000,-34,-32,100
1610,161100,-40,-28,100
1611,161200,-37,-22,100
1612,161300,-40,-36,100
1613,161400,-58,-46,100
1614,161500,-43,-36,100
1615,161600,-34,-26,100
1616,161700,-58,-36,100
1617,161800,-34,-32,100
1618,161900,-37,-38,100
1619,162000,-22,-26,100
1620,162100,-28,-26,100
1621,162200,-40,-32,100
1622,162300,-40,-26,100
1623,162400,-34,-26,100
1624,162500,-37,-30,100
1625,162600,-31,-26,100
1626,162700,-31,-22,100
1627,162800,-49,-36,100
1628,162900,-37,-32,100
1629,163000,-43,-22,100
1630,163100,-46,-44,100
1631,163200,-31,-28,100
1632,163300,-43,-32,100
1633,163400,-43,-40,100
1634,163500,-28,-24,100
1635,163600,-31,-16,100
1636,163700,-46,-46,100
1637,163800,-61,-52,100
1638,163900,-28,-16,100
1639,164000,-40,-34,100
1640,164100,-31,-22,100
1641,164200,-34,-30,100
1642,164300,-28,-20,100
1643,164400,-43,-28,100
1644,164500,-37,-30,100
1645,164600,-37,-32,100
1646,164700,-19,-16,100
1647,164800,-22,-14,100
1648,164900,-34,-26,100
1649,165000,-28,-24,100
1650,165100,-28,-16,100
1651,165200,-31,-26,100
1652,165300,-25,-18,100
1653,165400,-37,-38,100
1654,165500,-43,-34,100
1655,165600,-40,-34,100
1656,165700,-31,-20,100
1657,165800,-16,-8,100
1658,165900,-49,-42,100
1659,166000,-25,-24,100
1660,166100,-49,-46,100
1661,166200,-34,-26,100
1662,166300,-40,-36,100
1663,166400,-28,-14,100
1664,166500,-46,-36,100
1665,166600,-25,-16,100
1666,166700,-22,-20,100
1667,166800,-28,-20,100
1668,166900,-34,-34,100
1669,167000,-37,-30,100
1670,167100,-31,-30,100
1671,167200,-22,-14,100
1672,167300,-40,-42,100
1673,167400,-49,-40,100
1674,167500,-16,-16,100
1675,167600,-52,-48,100
1676,167700,-46,-38,100
1677,167800,-40,-34,100
1678,167900,-22,-16,100
1679,168000,-31,-22,100
1680,168100,-43,-38,100
1681,168200,-37,-40,100
1682,168300,-28,-14,100
1683,168400,-31,-22,100
1684,168500,-37,-34,100
1685,168600,-37,-22,100
1686,168700,-31,-20,100
1687,168800,-40,-34,100
1688,168900,-43,-30,100
1689,169000,-22,-20,100
1690,169100,-34,-10,100
1691,169200,-16,-14,100
1692,169300,-34,-22,100
1693,169400,-46,-34,100
1694,169500,-22,-16,100
1695,169600,-31,-28,100
1696,169700,-25,-26,100
1697,169800,-37,-34,100
1698,169900,-46,-30,100
1699,170000,-22,-16,100
1700,170100,-40,-38,100
1701,170200,-28,-12,100
1702,170300,-46,-36,100
1703,170400,-34,-32,100
1704,170500,-43,-42,100
1705,170600,-19,-12,100
1706,170700,-28,-30,100
1707,170800,-40,-36,100
1708,170900,-19,-8,100
1709,171000,-43,-36,100
1710,171100,-31,-30,100
1711,171200,-43,-48,100
1712,171300,-37,-26,100
1713,171400,-40,-48,100
1714,171500,-31,-32,100
1715,171600,-34,-22,100
1716,171700,-34,-34,100
1717,171800,-28,-36,100
1718,171900,-34,-28,100
1719,172000,-40,-28,100
1720,172100,-34,-32,100
1721,172200,-28,-24,100
1722,172300,-34,-32,100
1723,172400,-16,-14,100
1724,172500,-28,-18,100
1725,172600,-34,-24,100
1726,172700,-40,-26,100
1727,172800,-46,-30,100
1728,172900,-43,-40,100
1729,173000,-31,-22,100
1730,173100,-34,-24,100
1731,173200,-34,-28,100
1732,173300,-34,-22,100
1733,173400,-28,-22,100
1734,173500,-40,-32,100
1735,173600,-34,-22,100
1736,173700,-28,-14,100
1737,173800,-25,-12,100
1738,173900,-28,-30,100
1739,174000,-19,-18,100
1740,174100,-40,-32,100
1741,174200,-46,-40,100
1742,174300,-37,-30,100
1743,174400,-37,-34,100
1744,174500,-40,-18,100
1745,174600,-37,-32,100
1746,174700,-43,-36,100
1747,174800,-25,-32,100
1748,174900,-19,-22,100
1749,175000,-22,-20,100
1750,175100,-34,-28,100
1751,175200,-34,-24,100
1752,175300,-40,-28,100
1753,175400,-19,-16,100
1754,175500,-34,-30,100
1755,175600,-43,-48,100
1756,175700,-31,-20,100
1757,175800,-28,-20,100
1758,175900,-43,-38,100
1759,176000,-19,-12,100
1760,176100,-22,-24,100
1761,176200,-37,-30,100
1762,176300,-37,-14,100
1763,176400,-31,-22,100
1764,176500,-34,-28,100
1765,176600,-10,-10,100
1766,176700,-16,-6,100
1767,176800,-37,-28,100
1768,176900,-16,-8,100
1769,177000,-28,-30,100
1770,177100,-34,-22,100
1771,177200,-25,-24,100
1772,177300,-34,-34,100
1773,177400,-28,-26,100
1774,177500,-37,-22,100
1775,177600,-28,-28,100
1776,177700,-31,-30,100
1777,177800,-16,-8,100
1778,177900,-31,-32,100
1779,178000,-37,-32,100
1780,178100,-49,-44,100
1781,178200,-31,-20,100
1782,178300,-37,-36,100
1783,178400,-25,-16,100
1784,178500,-37,-24,100
1785,178600,-25,-22,100
1786,178700,-34,-40,100
1787,178800,-34,-24,100
1788,178900,-34,-36,100
1789,179000,-37,-14,100
1790,179100,-46,-32,100
1791,179200,-16,-16,100
1792,179300,-31,-20,100
1793,179400,-7,-12,100
1794,179500,-7,-6,100
1795,179600,-40,-36,100
1796,179700,-16,-6,100
1797,179800,-16,-10,100
1798,179900,-25,-26,100
1799,180000,-31,-32,100
1800,180100,-22,-24,100
1801,180200,-28,-14,100
1802,180300,-31,-28,100
1803,180400,-37,-22,100
1804,180500,-19,-14,100
1805,180600,-13,-8,100
1806,180700,-28,-16,100
1807,180800,-25,-24,100
1808,180900,-28,-16,100
1809,181000,-52,-46,100
1810,181100,-25,-24,100
1811,181200,-37,-28,100
1812,181300,-34,-28,100
1813,181400,-43,-30,100
1814,181500,-16,-14,100
1815,181600,-25,-20,100
1816,181700,-22,-22,100
1817,181800,-22,-16,100
1818,181900,-37,-34,100
1819,182000,-19,-8,100
1820,182100,-22,-16,100
1821,182200,-34,-28,100
1822,182300,-13,-8,100
1823,182400,-13,-4,100
1824,182500,-37,-32,100
1825,182600,-22,-34,100
1826,182700,-25,-28,100
1827,182800,-25,-22,100
1828,182900,-31,-14,100
1829,183000,-25,-34,100
1830,183100,-22,-16,100
1831,183200,-28,-14,100
1832,183300,-19,-20,100
1833,183400,-37,-34,100
1834,183500,-31,-26,100
1835,183600,-28,-24,100
1836,183700,-22,-24,100
1837,183800,-10,6,100
1838,183900,-34,-26,100
1839,184000,-31,-30,100
1840,184100,-34,-28,100
1841,184200,-22,-22,100
1842,184300,-40,-38,100
1843,184400,-40,-34,100
1844,184500,-25,-16,100
1845,184600,-28,-22,100
1846,184700,-31,-22,100
1847,184800,-37,-38,100
1848,184900,-34,-26,100
1849,185000,-40,-32,100
1850,185100,-37,-28,100
1851,185200,-28,-26,100
1852,185300,-34,-20,100
1853,185400,-16,-18,100
1854,185500,-22,-20,100
1855,185600,-34,-32,100
1856,185700,-13,-12,100
1857,185800,-28,-26,100
1858,185900,-37,-26,100
1859,186000,-43,-30,100
1860,186100,-19,-16,100
1861,186200,-31,-22,100
1862,186300,-28,-24,100
1863,186400,-37,-28,100
1864,186500,2,-2,100
1865,186600,-34,-24,100
1866,186700,-28,-30,100
1867,186800,-31,-24,100
1868,186900,-40,-38,100
1869,187000,-19,-18,100
1870,187100,-31,-34,100
1871,187200,-31,-18,100
1872,187300,-19,-2,100
1873,187400,-25,-20,100
1874,187500,-43,-32,100
1875,187600,-34,-22,100
1876,187700,-40,-26,100
1877,187800,-28,-28,100
1878,187900,-28,-20,100
1879,188000,-4,-10,100
1880,188100,-34,-26,100
1881,188200,-34,-34,100
1882,188300,-13,-8,100
1883,188400,-19,-6,100
1884,188500,-22,-18,100
1885,188600,-10,-14,100
1886,188700,-31,-24,100
1887,188800,-13,-6,100
1888,188900,-16,-10,100
1889,189000,-25,-20,100
1890,189100,-49,-40,100
1891,189200,-19,-4,100
1892,189300,-25,-16,100
1893,189400,-34,-24,100
1894,189500,-34,-36,100
1895,189600,-43,-36,100
1896,189700,-31,-12,100
1897,189800,-25,-20,100
1898,189900,-43,-40,100
1899,190000,-31,-30,100
1900,190100,-25,-18,100
1901,190200,-25,-22,100
1902,190300,-13,-14,100
1903,190400,-28,-22,100
1904,190500,-31,-18,100
1905,190600,-28,-20,100
1906,190700,-31,-36,100
1907,190800,-10,-6,100
1908,190900,-22,-8,100
1909,191000,-34,-34,100
1910,191100,-13,-16,100
1911,191200,-52,-44,100
1912,191300,-16,-8,100
1913,191400,-19,-14,100
1914,191500,-52,-40,100
1915,191600,-25,-26,100
1916,191700,-40,-34,100
1917,191800,-16,-8,100
1918,191900,-10,-18,100
1919,192000,-16,-20,100
1920,192100,-25,-26,100
1921,192200,-22,-16,100
1922,192300,-31,-24,100
1923,192400,-16,-14,100
1924,192500,-7,2,100
1925,192600,-13,-2,100
1926,192700,-31,-28,100
1927,192800,-25,-26,100
1928,192900,-16,-12,100
1929,193000,-40,-32,100
1930,193100,-40,-36,100
1931,193200,-34,-26,100
1932,193300,-7,-10,100
1933,193400,-13,-8,100
1934,193500,-22,-24,100
1935,193600,-25,-20,100
1936,193700,-19,-14,100
1937,193800,-25,-10,100
1938,193900,-31,-30,100
1939,194000,-37,-38,100
1940,194100,-19,-16,100
1941,194200,-19,-10,100
1942,194300,-31,-32,100
1943,194400,-13,-12,100
1944,194500,-25,-30,100
1945,194600,-28,-26,100
1946,194700,-22,-20,100
1947,194800,-37,-34,100
1948,194900,-13,-8,100
1949,195000,-7,-8,100
1950,195100,-28,-18,100
1951,195200,-34,-38,100
1952,195300,-37,-42,100
1953,195400,-19,-6,100
1954,195500,-13,-14,100
1955,195600,-25,-28,100
1956,195700,-19,-18,100
1957,195800,-13,-10,100
1958,195900,-28,-16,100
1959,196000,-19,-14,100
1960,196100,-22,-20,100
1961,196200,-10,-4,100
1962,196300,-7,-6,100
1963,196400,-28,-18,100
1964,196500,-16,-16,100
1965,196600,-22,-32,100
1966,196700,-37,-38,100
1967,196800,-7,-10,100
1968,196900,-7,-8,100
1969,197000,-22,-18,100
1970,197100,-19,-14,100
1971,197200,-34,-24,100
1972,197300,-10,-12,100
1973,197400,-22,-14,100
1974,197500,-10,-8,100
1975,197600,-13,-6,100
1976,197700,-28,-20,100
1977,197800,-25,-26,100
1978,197900,-13,-14,100
1979,198000,-31,-26,100
1980,198100,-22,-10,100
1981,198200,-10,-2,100
1982,198300,-1,-4,100
1983,198400,-13,-14,100
1984,198500,-28,-14,100
1985,198600,-13,-2,100
1986,198700,-19,-18,100
1987,198800,-22,-20,100
1988,198900,-28,-28,100
1989,199000,-31,-24,100
1990,199100,-22,-26,100
1991,199200,-16,-16,100
1992,199300,-16,-12,100
1993,199400,-16,-18,100
1994,199500,-25,-12,100
1995,199600,-31,-16,100
1996,199700,-19,-14,100
1997,199800,-25,-20,100
1998,199900,-19,-20,100
1999,200000,-25,-22,100
2000,200100,-28,-20,100
2001,200200,-16,-14,100
2002,200300,-25,-20,100
2003,200400,-13,-6,100
2004,200500,-16,-16,100
2005,200600,-25,-18,100
2006,200700,-13,-6,100
2007,200800,-10,4,100
2008,200900,-10,-2,100
2009,201000,-37,-30,100
2010,201100,-13,-12,100
2011,201200,-34,-28,100
2012,201300,-25,-26,100
2013,201400,-28,-18,100
2014,201500,-25,-14,100
2015,201600,-1,0,100
2016,201700,-25,-34,100
2017,201800,-16,-8,100
2018,201900,-28,-28,100
2019,202000,-22,-20,100
2020,202100,-7,-8,100
2021,202200,-43,-38,100
2022,202300,-13,-16,100
2023,202400,-13,-12,100
2024,202500,-25,-16,100
2025,202600,-25,-28,100
2026,202700,-40,-34,100
2027,202800,-22,-16,100
2028,202900,-22,-18,100
2029,203000,-25,-4,100
2030,203100,-13,-6,100
2031,203200,-13,-8,100
2032,203300,-31,-18,100
2033,203400,-19,-14,100
2034,203500,-16,2,100
2035,203600,-10,0,100
2036,203700,-4,0,100
2037,203800,-16,-10,100
2038,203900,-10,-10,100
2039,204000,-25,-26,100
2040,204100,-25,-22,100
2041,204200,-25,-24,100
2042,204300,-16,-8,100
2043,204400,-22,-8,100
2044,204500,-31,-28,100
2045,204600,-19,-12,100
2046,204700,-13,-12,100
2047,204800,-19,-16,100
2048,204900,-22,-12,100
2049,205000,-7,6,100
2050,205100,-16,2,100
2051,205200,-19,-20,100
2052,205300,-28,-24,100
2053,205400,-10,-8,100
2054,205500,-19,-8,100
2055,205600,-16,-12,100
2056,205700,-13,-12,100
2057,205800,-22,-14,100
2058,205900,-25,-10,100
2059,206000,-19,-22,100
2060,206100,-10,-8,100
2061,206200,-7,-2,100
2062,206300,-25,-12,100
2063,206400,-25,-28,100
2064,206500,-4,-6,100
2065,206600,-13,-8,100
2066,206700,5,6,100
2067,206800,-31,-26,100
2068,206900,-16,0,100
2069,207000,-7,0,100
2070,207100,-19,-10,100
2071,207200,-22,-8,100
2072,207300,-16,-14,100
2073,207400,-16,-4,100
2074,207500,-4,8,100
2075,207600,-10,-4,100
2076,207700,-1,-4,100
2077,207800,-16,-12,100
2078,207900,-7,-10,100
2079,208000,-10,-6,100
2080,208100,-22,-20,100
2081,208200,-16,-2,100
2082,208300,-25,-20,100
2083,208400,-16,-18,100
2084,208500,-16,-12,100
2085,208600,-16,-12,100
2086,208700,-1,12,100
2087,208800,-28,-34,100
2088,208900,-7,-4,100
2089,209000,-25,-16,100
2090,209100,-25,-26,100
2091,209200,-22,-6,100
2092,209300,-16,-8,100
2093,209400,-22,-16,100
2094,209500,-16,-10,100
2095,209600,-19,-24,100
2096,209700,-7,-10,100
2097,209800,-10,-6,100
2098,209900,-4,10,100
2099,210000,-7,-8,100
2100,210100,-31,-32,100
2101,210200,-7,0,100
2102,210300,-40,-20,100
2103,210400,-16,-18,100
2104,210500,-16,-12,100
2105,210600,-13,-16,100
2106,210700,-16,-4,100
2107,210800,-4,-4,100
2108,210900,-13,-8,100
2109,211000,-22,-24,100
2110,211100,-25,-10,100
2111,211200,-16,-18,100
2112,211300,-4,2,100
2113,211400,-22,-14,100
2114,211500,-7,-6,100
2115,211600,-10,-4,100
2116,211700,-7,-6,100
2117,211800,-19,-14,100
2118,211900,-22,-16,100
2119,212000,-13,-16,100
2120,212100,-19,-22,100
2121,212200,-13,-2,100
2122,212300,-16,-18,100
2123,212400,-13,-18,100
2124,212500,-28,-34,100
2125,212600,-10,-14,100
2126,212700,-16,-22,100
2127,212800,-7,-2,100
2128,212900,-10,-4,100
2129,213000,-7,0,100
2130,213100,-13,-4,100
2131,213200,-19,-18,100
2132,213300,-16,-8,100
2133,213400,-13,-8,100
2134,213500,-22,-18,100
2135,213600,5,2,100
2136,213700,-16,-10,100
2137,213800,-7,2,100
2138,213900,-16,-8,100
2139,214000,-16,-14,100
2140,214100,-19,-16,100
2141,214200,-10,-8,100
2142,214300,-13,2,100
2143,214400,-10,-14,100
2144,214500,-4,2,100
2145,214600,-19,-8,100
2146,214700,-13,-6,100
2147,214800,-22,-8,100
2148,214900,-1,-6,100
2149,215000,-19,-34,100
2150,215100,-7,6,100
2151,215200,-25,-22,100
2152,215300,-10,-12,100
2153,215400,-10,-8,100
2154,215500,-4,-4,100
2155,215600,-4,0,100
2156,215700,2,6,100
2157,215800,-10,2,100
2158,215900,-22,-16,100
2159,216000,-13,-18,100
2160,216100,-10,-4,100
2161,216200,-4,6,100
2162,216300,-10,-6,100
2163,216400,-7,-8,100
2164,216500,5,2,100
2165,216600,-1,12,100
2166,216700,-19,-20,100
2167,216800,-10,-14,100
2168,216900,-22,-16,100
2169,217000,11,2,100
2170,217100,-4,-6,100
2171,217200,-16,-14,100
2172,217300,-13,-18,100
2173,217400,-13,-6,100
2174,217500,-7,4,100
2175,217600,-19,-16,100
2176,217700,-10,-8,100
2177,217800,-16,-16,100
2178,217900,-22,-18,100
2179,218000,-4,-6,100
2180,218100,-22,-14,100
2181,218200,-13,-8,100
2182,218300,-7,-8,100
2183,218400,-16,-2,100
2184,218500,-7,4,100
2185,218600,-10,-6,100
2186,218700,-7,-8,100
2187,218800,-13,-6,100
2188,218900,-7,-6,100
2189,219000,-22,-6,100
2190,219100,-1,0,100
2191,219200,-1,-6,100
2192,219300,-1,0,100
2193,219400,-10,-4,100
2194,219500,-13,-6,100
2195,219600,-22,-20,100
2196,219700,-4,-4,100
2197,219800,-22,-22,100
2198,219900,-13,-6,100
2199,220000,-13,-6,100
2200,220100,-4,-8,100
2201,220200,-4,-8,100
2202,220300,-19,-10,100
2203,220400,-10,-6,100
2204,220500,2,4,100
2205,220600,-4,6,100
2206,220700,-1,12,100
2207,220800,-16,-18,100
2208,220900,-4,-10,100
2209,221000,5,8,100
2210,221100,-16,-10,100
2211,221200,-7,2,100
2212,221300,-7,-8,100
2213,221400,-16,-24,100
2214,221500,-16,-20,100
2215,221600,-13,-10,100
2216,221700,-10,-16,100
2217,221800,-25,-18,100
2218,221900,-7,-10,100
2219,222000,-31,-18,100
2220,222100,-16,-18,100
2221,222200,-22,-6,100
2222,222300,-25,-22,100
2223,222400,-16,-16,100
2224,222500,-13,-8,100
2225,222600,-19,-14,100
2226,222700,-10,6,100
2227,222800,-7,-2,100
2228,222900,5,14,100
2229,223000,11,2,100
2230,223100,-13,-8,100
2231,223200,-10,-6,100
2232,223300,2,4,100
2233,223400,-7,-12,100
2234,223500,14,2,100
2235,223600,-10,-8,100
2236,223700,-7,0,100
2237,223800,-4,-16,100
2238,223900,-13,-18,100
2239,224000,-1,0,100
2240,224100,-10,-4,100
2241,224200,-4,4,100
2242,224300,-10,-20,100
2243,224400,2,10,100
2244,224500,-7,-6,100
2245,224600,-13,-14,100
2246,224700,-19,-12,100
2247,224800,-7,-2,100
2248,224900,-13,-26,100
2249,225000,-7,4,100
2250,225100,11,6,100
2251,225200,-10,-10,100
2252,225300,2,0,100
2253,225400,-7,-4,100
2254,225500,-19,-14,100
2255,225600,-1,8,100
2256,225700,-1,-10,100
2257,225800,-13,-14,100
2258,225900,-16,-14,100
2259,226000,-7,-4,100
2260,226100,5,2,100
2261,226200,-1,4,100
2262,226300,-4,0,100
2263,226400,-10,-6,100
2264,226500,-16,-18,100
2265,226600,-1,4,100
2266,226700,-10,-12,100
2267,226800,-4,8,100
2268,226900,2,-6,100
2269,227000,-4,-4,100
2270,227100,2,10,100
2271,227200,-7,-14,100
2272,227300,8,2,100
2273,227400,-7,4,100
2274,227500,-19,-18,100
2275,227600,-7,-2,100
2276,227700,-28,-28,100
2277,227800,-10,-2,100
2278,227900,-13,4,100
2279,228000,-7,-10,100
2280,228100,-4,2,100
2281,228200,-19,-14,100
2282,228300,-10,-4,100
2283,228400,-13,-2,100
2284,228500,-7,-6,100
2285,228600,-4,0,100
2286,228700,2,16,100
2287,228800,-4,-6,100
2288,228900,11,8,100
2289,229000,-10,0,100
2290,229100,14,16,100
2291,229200,-19,-16,100
2292,229300,-1,2,100
2293,229400,-10,-4,100
2294,229500,-13,-4,100
2295,229600,8,6,100
2296,229700,-1,2,100
2297,229800,-19,-18,100
2298,229900,8,10,100
2299,230000,2,4,100
2300,230100,-19,-20,100
2301,230200,8,2,100
2302,230300,14,18,100
2303,230400,-1,4,100
2304,230500,-1,4,100
2305,230600,-4,-2,100
2306,230700,-10,-14,100
2307,230800,-4,4,100
2308,230900,-4,-6,100
2309,231000,5,12,100
2310,231100,8,0,100
2311,231200,-4,-18,100
2312,231300,-16,-10,100
2313,231400,-4,8,100
2314,231500,2,0,100
2315,231600,-1,6,100
2316,231700,20,6,100
2317,231800,5,6,100
2318,231900,-19,-6,100
2319,232000,5,2,100
2320,232100,-4,2,100
2321,232200,2,4,100
2322,232300,-10,-4,100
2323,232400,-10,-8,100
2324,232500,-1,12,100
2325,232600,-19,-16,100
2326,232700,8,14,100
2327,232800,-1,-10,100
2328,232900,2,4,100
2329,233000,-16,6,100
2330,233100,-7,-6,100
2331,233200,-4,2,100
2332,233300,2,2,100
2333,233400,-7,-8,100
2334,233500,2,10,100
2335,233600,-1,-8,100
2336,233700,-10,-6,100
2337,233800,-19,-20,100
2338,233900,-13,-18,100
2339,234000,-10,-8,100
2340,234100,-7,-14,100
2341,234200,-1,-10,100
2342,234300,2,-4,100
2343,234400,-4,0,100
2344,234500,8,6,100
2345,234600,-4,-8,100
2346,234700,-16,-14,100
2347,234800,5,14,100
2348,234900,8,18,100
2349,235000,-4,4,100
2350,235100,8,4,100
2351,235200,-1,4,100
2352,235300,-22,-22,100
2353,235400,8,22,100
2354,235500,-7,0,100
2355,235600,-7,0,100
2356,235700,-16,-10,100
2357,235800,2,-18,100
2358,235900,-10,-8,100
2359,236000,8,18,100
2360,236100,2,2,100
2361,236200,8,8,100
2362,236300,-1,8,100
2363,236400,5,2,100
2364,236500,-10,-10,100
2365,236600,-4,6,100
2366,236700,-4,4,100
2367,236800,5,-4,100
2368,236900,5,8,100
2369,237000,-4,0,100
2370,237100,-4,-8,100
2371,237200,-7,-8,100
2372,237300,-7,-18,100
2373,237400,2,-4,100
2374,237500,5,-8,100
2375,237600,2,-4,100
2376,237700,-4,-2,100
2377,237800,5,14,100
2378,237900,-1,-4,100
2379,238000,-4,4,100
2380,238100,5,6,100
2381,238200,2,4,100
2382,238300,-1,0,100
2383,238400,-7,-2,100
2384,238500,-1,0,100
2385,238600,11,20,100
2386,238700,14,14,100
2387,238800,5,6,100
2388,238900,2,-4,100
2389,239000,8,24,100
2390,239100,8,2,100
2391,239200,-4,6,100
2392,239300,-4,-4,100
2393,239400,-7,-14,100
2394,239500,-1,2,100
2395,239600,-4,2,100
2396,239700,-1,6,100
2397,239800,-1,-4,100
2398,239900,17,10,100
2399,240000,-4,-10,100
2400,240100,8,8,100
2401,240200,-1,0,100
2402,240300,5,6,100
2403,240400,14,26,100
2404,240500,11,4,100
2405,240600,2,6,100
2406,240700,11,18,100
2407,240800,17,12,100
2408,240900,11,22,100
2409,241000,11,10,100
2410,241100,8,6,100
2411,241200,2,-2,100
2412,241300,11,2,100
2413,241400,-4,2,100
2414,241500,-7,-8,100
2415,241600,-1,2,100
2416,241700,-1,4,100
2417,241800,-1,-10,100
2418,241900,-1,0,100
2419,242000,-7,8,100
2420,242100,5,6,100
2421,242200,2,6,100
2422,242300,11,8,100
2423,242400,2,-2,100
2424,242500,14,12,100
2425,242600,26,10,100
2426,242700,-7,-16,100
2427,242800,5,-2,100
2428,242900,5,-4,100
2429,243000,-1,-18,100
2430,243100,5,14,100
2431,243200,2,8,100
2432,243300,8,4,100
2433,243400,11,0,100
2434,243500,5,4,100
2435,243600,8,8,100
2436,243700,-7,-8,100
2437,243800,-1,-6,100
2438,243900,5,-2,100
2439,244000,17,20,100
2440,244100,5,-4,100
2441,244200,-1,-6,100
2442,244300,5,-2,100
2443,244400,5,18,100
2444,244500,5,8,100
2445,244600,8,-4,100
2446,244700,8,8,100
2447,244800,5,12,100
2448,244900,-4,2,100
2449,245000,8,14,100
2450,245100,5,4,100
2451,245200,5,-4,100
2452,245300,-7,-16,100
2453,245400,8,8,100
2454,245500,14,10,100
2455,245600,14,12,100
2456,245700,20,20,100
2457,245800,2,-6,100
2458,245900,5,2,100
2459,246000,11,10,100
2460,246100,-7,6,100
2461,246200,11,14,100
2462,246300,20,32,100
2463,246400,20,28,100
2464,246500,11,10,100
2465,246600,-7,-8,100
2466,246700,-4,0,100
2467,246800,14,6,100
2468,246900,20,8,100
2469,247000,8,0,100
2470,247100,5,14,100
2471,247200,17,4,100
2472,247300,2,-12,100
2473,247400,23,26,100
2474,247500,8,14,100
2475,247600,5,-4,100
2476,247700,17,14,100
2477,247800,5,0,100
2478,247900,14,26,100
2479,248000,11,-4,100
2480,248100,11,20,100
2481,248200,14,22,100
2482,248300,11,8,100
2483,248400,-4,-4,100
2484,248500,11,2,100
2485,248600,17,10,100
2486,248700,11,-2,100
2487,248800,8,14,100
2488,248900,20,34,100
2489,249000,8,18,100
2490,249100,23,28,100
2491,249200,14,12,100
2492,249300,2,4,100
2493,249400,2,4,100
2494,249500,14,8,100
2495,249600,5,8,100
2496,249700,-4,4,100
2497,249800,14,12,100
2498,249900,8,8,100
2499,250000,17,24,100
2500,250100,11,26,100
2501,250200,11,14,100
2502,250300,17,14,100
2503,250400,8,-2,100
2504,250500,11,14,100
2505,250600,17,6,100
2506,250700,11,6,100
2507,250800,20,18,100
2508,250900,5,2,100
2509,251000,5,-6,100
2510,251100,14,10,100
2511,251200,5,0,100
2512,251300,17,12,100
2513,251400,17,10,100
2514,251500,8,10,100
2515,251600,-4,4,100
2516,251700,5,-4,100
2517,251800,-1,4,100
2518,251900,11,10,100
2519,252000,2,-4,100
2520,252100,20,12,100
2521,252200,5,0,100
2522,252300,14,14,100
2523,252400,17,12,100
2524,252500,11,0,100
2525,252600,11,8,100
2526,252700,5,6,100
2527,252800,20,20,100
2528,252900,14,2,100
2529,253000,20,20,100
2530,253100,17,24,100
2531,253200,23,8,100
2532,253300,17,20,100
2533,253400,20,30,100
2534,253500,20,12,100
2535,253600,14,12,100
2536,253700,11,20,100
2537,253800,11,-4,100
2538,253900,2,18,100
2539,254000,26,30,100
2540,254100,11,-10,100
2541,254200,23,16,100
2542,254300,2,6,100
2543,254400,17,16,100
2544,254500,17,14,100
2545,254600,20,22,100
2546,254700,23,22,100
2547,254800,14,12,100
2548,254900,26,16,100
2549,255000,23,22,100
2550,255100,2,-4,100
2551,255200,20,18,100
2552,255300,17,2,100
2553,255400,17,2,100
2554,255500,5,6,100
2555,255600,17,14,100
2556,255700,11,6,100
2557,255800,2,8,100
2558,255900,14,12,100
2559,256000,20,16,100
2560,256100,11,4,100
2561,256200,8,8,100
2562,256300,8,8,100
2563,256400,11,14,100
2564,256500,11,16,100
2565,256600,14,4,100
2566,256700,23,28,100
2567,256800,32,32,100
2568,256900,14,8,100
2569,257000,5,8,100
2570,257100,23,16,100
2571,257200,8,14,100
2572,257300,17,6,100
2573,257400,5,-8,100
2574,257500,14,14,100
2575,257600,17,22,100
2576,257700,8,14,100
2577,257800,8,12,100
2578,257900,8,6,100
2579,258000,8,10,100
2580,258100,5,0,100
2581,258200,2,-2,100
2582,258300,14,10,100
2583,258400,20,26,100
2584,258500,17,24,100
2585,258600,26,22,100
2586,258700,17,24,100
2587,258800,23,10,100
2588,258900,23,28,100
2589,259000,8,-2,100
2590,259100,11,10,100
2591,259200,29,26,100
2592,259300,23,28,100
2593,259400,23,16,100
2594,259500,23,22,100
2595,259600,17,18,100
2596,259700,29,32,100
2597,259800,17,4,100
2598,259900,11,16,100
2599,260000,-7,2,100
2600,260100,17,18,100
2601,260200,11,16,100
2602,260300,23,18,100
2603,260400,14,12,100
2604,260500,14,12,100
2605,260600,8,4,100
2606,260700,26,24,100
2607,260800,20,18,100
2608,260900,14,20,100
2609,261000,14,16,100
2610,261100,14,14,100
2611,261200,17,4,100
2612,261300,11,18,100
2613,261400,29,24,100
2614,261500,-1,18,100
2615,261600,20,12,100
2616,261700,32,16,100
2617,261800,17,22,100
2618,261900,20,18,100
2619,262000,20,14,100
2620,262100,29,30,100
2621,262200,23,30,100
2622,262300,17,16,100
2623,262400,26,22,100
2624,262500,23,14,100
2625,262600,11,6,100
2626,262700,14,10,100
2627,262800,29,30,100
2628,262900,2,4,100
2629,263000,17,12,100
2630,263100,26,28,100
2631,263200,26,18,100
2632,263300,11,8,100
2633,263400,11,8,100
2634,263500,26,24,100
2635,263600,11,14,100
2636,263700,2,6,100
2637,263800,23,12,100
2638,263900,26,32,100
2639,264000,20,14,100
2640,264100,11,16,100
2641,264200,5,6,100
2642,264300,8,6,100
2643,264400,14,-2,100
2644,264500,23,36,100
2645,264600,20,26,100
2646,264700,11,12,100
2647,264800,11,14,100
2648,264900,14,18,100
2649,265000,20,14,100
2650,265100,20,16,100
2651,265200,17,24,100
2652,265300,14,14,100
2653,265400,14,10,100
2654,265500,20,16,100
2655,265600,14,16,100
2656,265700,14,12,100
2657,265800,5,14,100
2658,265900,32,24,100
2659,266000,20,20,100
2660,266100,20,20,100
2661,266200,23,28,100
2662,266300,29,34,100
2663,266400,23,16,100
2664,266500,23,26,100
2665,266600,8,4,100
2666,266700,23,14,100
2667,266800,26,26,100
2668,266900,26,24,100
2669,267000,17,32,100
2670,267100,11,6,100
2671,267200,23,6,100
2672,267300,14,8,100
2673,267400,14,14,100
2674,267500,26,30,100
2675,267600,20,18,100
2676,267700,20,18,100
2677,267800,26,8,100
2678,267900,17,6,100
2679,268000,20,12,100
2680,268100,26,36,100
2681,268200,32,24,100
2682,268300,11,12,100
2683,268400,11,0,100
2684,268500,20,22,100
2685,268600,17,16,100
2686,268700,17,6,100
2687,268800,20,14,100
2688,268900,23,26,100
2689,269000,23,10,100
2690,269100,8,18,100
2691,269200,26,18,100
2692,269300,14,10,100
2693,269400,20,14,100
2694,269500,14,8,100
2695,269600,32,32,100
2696,269700,17,14,100
2697,269800,17,12,100
2698,269900,17,22,100
2699,270000,32,30,100
2700,270100,11,14,100
2701,270200,26,20,100
2702,270300,29,20,100
2703,270400,14,18,100
2704,270500,35,28,100
2705,270600,26,20,100
2706,270700,26,16,100
2707,270800,17,18,100
2708,270900,23,12,100
2709,271000,17,16,100
2710,271100,14,10,100
2711,271200,20,20,100
2712,271300,26,18,100
2713,271400,26,14,100
2714,271500,38,36,100
2715,271600,20,20,100
2716,271700,26,36,100
2717,271800,20,32,100
2718,271900,23,28,100
2719,272000,20,10,100
2720,272100,26,20,100
2721,272200,23,12,100
2722,272300,17,18,100
2723,272400,14,16,100
2724,272500,29,22,100
2725,272600,-1,-4,100
2726,272700,20,14,100
2727,272800,23,18,100
2728,272900,17,18,100
2729,273000,20,20,100
2730,273100,26,22,100
2731,273200,2,-16,100
2732,273300,14,10,100
2733,273400,20,16,100
2734,273500,32,18,100
2735,273600,29,10,100
2736,273700,17,18,100
2737,273800,29,26,100
2738,273900,20,24,100
2739,274000,23,24,100
2740,274100,26,8,100
2741,274200,20,22,100
2742,274300,26,22,100
2743,274400,35,50,100
2744,274500,17,18,100
2745,274600,17,12,100
2746,274700,23,10,100
2747,274800,23,4,100
2748,274900,23,30,100
2749,275000,23,22,100
2750,275100,23,26,100
2751,275200,20,22,100
2752,275300,23,32,100
2753,275400,17,22,100
2754,275500,17,22,100
2755,275600,23,26,100
2756,275700,20,20,100
2757,275800,26,30,100
2758,275900,23,20,100
2759,276000,29,20,100
2760,276100,17,20,100
2761,276200,23,26,100
2762,276300,29,34,100
2763,276400,23,18,100
2764,276500,29,14,100
2765,276600,38,42,100
2766,276700,26,10,100
2767,276800,14,16,100
2768,276900,20,28,100
2769,277000,20,6,100
2770,277100,23,12,100
2771,277200,14,8,100
2772,277300,23,22,100
2773,277400,17,22,100
2774,277500,17,12,100
2775,277600,38,34,100
2776,277700,23,0,100
2777,277800,23,22,100
2778,277900,17,14,100
2779,278000,32,32,100
2780,278100,11,2,100
2781,278200,20,16,100
2782,278300,32,20,100
2783,278400,23,14,100
2784,278500,29,16,100
2785,278600,20,18,100
2786,278700,29,18,100
2787,278800,32,20,100
2788,278900,17,14,100
2789,279000,23,26,100
2790,279100,26,16,100
2791,279200,41,28,100
2792,279300,26,24,100
2793,279400,14,6,100
2794,279500,23,22,100
2795,279600,29,20,100
2796,279700,32,12,100
2797,279800,38,46,100
2798,279900,20,4,100
2799,280000,20,8,100
2800,280100,8,6,100
2801,280200,29,12,100
2802,280300,29,34,100
2803,280400,38,14,100
2804,280500,32,28,100
2805,280600,14,12,100
2806,280700,20,0,100
2807,280800,14,6,100
2808,280900,14,22,100
2809,281000,23,6,100
2810,281100,26,22,100
2811,281200,26,22,100
2812,281300,23,16,100
2813,281400,29,18,100
2814,281500,29,10,100
2815,281600,32,32,100
2816,281700,23,22,100
2817,281800,32,28,100
2818,281900,29,24,100
2819,282000,23,10,100
2820,282100,20,20,100
2821,282200,32,28,100
2822,282300,29,18,100
2823,282400,29,20,100
2824,282500,23,14,100
2825,282600,20,-6,100
2826,282700,2,4,100
2827,282800,26,22,100
2828,282900,26,12,100
2829,283000,29,26,100
2830,283100,23,34,100
2831,283200,26,20,100
2832,283300,29,16,100
2833,283400,17,12,100
2834,283500,20,30,100
2835,283600,35,26,100
2836,283700,26,4,100
2837,283800,29,8,100
2838,283900,35,30,100
2839,284000,23,10,100
2840,284100,14,20,100
2841,284200,14,10,100
2842,284300,17,10,100
2843,284400,32,26,100
2844,284500,20,10,100
2845,284600,14,16,100
2846,284700,20,6,100
2847,284800,17,24,100
2848,284900,35,34,100
2849,285000,26,16,100
2850,285100,23,20,100
2851,285200,35,20,100
2852,285300,32,28,100
2853,285400,23,16,100
2854,285500,35,26,100
2855,285600,23,20,100
2856,285700,26,10,100
2857,285800,29,28,100
2858,285900,20,16,100
2859,286000,26,14,100
2860,286100,35,38,100
2861,286200,17,16,100
2862,286300,23,28,100
2863,286400,26,24,100
2864,286500,20,22,100
2865,286600,32,32,100
2866,286700,44,36,100
2867,286800,29,20,100
2868,286900,23,24,100
2869,287000,35,28,100
2870,287100,38,22,100
2871,287200,32,34,100
2872,287300,29,26,100
2873,287400,29,12,100
2874,287500,29,16,100
2875,287600,32,18,100
2876,287700,8,8,100
2877,287800,35,38,100
2878,287900,17,4,100
2879,288000,23,12,100
2880,288100,26,22,100
2881,288200,29,40,100
2882,288300,35,30,100
2883,288400,32,22,100
2884,288500,32,30,100
2885,288600,26,20,100
2886,288700,32,26,100
2887,288800,32,18,100
2888,288900,35,28,100
2889,289000,38,28,100
2890,289100,32,28,100
2891,289200,26,26,100
2892,289300,23,10,100
2893,289400,38,38,100
2894,289500,32,28,100
2895,289600,23,12,100
2896,289700,35,44,100
2897,289800,32,22,100
2898,289900,23,16,100
2899,290000,32,20,100
2900,290100,29,36,100
2901,290200,41,30,100
2902,290300,23,-6,100
2903,290400,29,12,100
2904,290500,35,18,100
2905,290600,32,16,100
2906,290700,32,24,100
2907,290800,32,24,100
2908,290900,38,44,100
2909,291000,29,24,100
2910,291100,32,18,100
2911,291200,32,30,100
2912,291300,20,8,100
2913,291400,32,22,100
2914,291500,35,38,100
2915,291600,26,16,100
2916,291700,32,28,100
2917,291800,44,28,100
2918,291900,26,28,100
2919,292000,41,38,100
2920,292100,32,26,100
2921,292200,32,40,100
2922,292300,32,24,100
2923,292400,35,38,100
2924,292500,20,16,100
2925,292600,29,14,100
2926,292700,29,34,100
2927,292800,23,26,100
2928,292900,29,20,100
2929,293000,29,20,100
2930,293100,32,26,100
2931,293200,26,20,100
2932,293300,32,24,100
2933,293400,29,22,100
2934,293500,35,24,100
2935,293600,26,18,100
2936,293700,29,32,100
2937,293800,35,20,100
2938,293900,32,32,100
2939,294000,29,18,100
2940,294100,26,22,100
2941,294200,38,30,100
2942,294300,20,6,100
2943,294400,23,8,100
2944,294500,35,38,100
2945,294600,23,32,100
2946,294700,26,16,100
2947,294800,35,18,100
2948,294900,38,36,100
2949,295000,38,20,100
2950,295100,29,20,100
2951,295200,32,2,100
2952,295300,26,20,100
2953,295400,29,18,100
2954,295500,29,22,100
2955,295600,23,16,100
2956,295700,23,4,100
2957,295800,32,34,100
2958,295900,32,14,100
2959,296000,35,20,100
2960,296100,29,18,100
2961,296200,26,6,100
2962,296300,35,34,100
2963,296400,29,14,100
2964,296500,38,28,100
2965,296600,23,4,100
2966,296700,35,26,100
2967,296800,29,16,100
2968,296900,29,28,100
2969,297000,41,32,100
2970,297100,32,6,100
2971,297200,29,26,100
2972,297300,32,20,100
2973,297400,29,32,100
2974,297500,38,36,100
2975,297600,35,30,100
2976,297700,38,36,100
2977,297800,41,30,100
2978,297900,35,16,100
2979,298000,38,28,100
2980,298100,32,32,100
2981,298200,26,4,100
2982,298300,38,30,100
2983,298400,32,18,100
2984,298500,35,20,100
2985,298600,32,30,100
2986,298700,23,22,100
2987,298800,44,44,100
2988,298900,29,26,100
2989,299000,35,14,100
2990,299100,20,6,100
2991,299200,29,16,100
2992,299300,23,22,100
2993,299400,29,6,100
2994,299500,29,10,100
2995,299600,35,16,100
2996,299700,26,14,100
2997,299800,35,18,100
2998,299900,35,40,100
2999,300000,32,20,100
3000,300100,29,20,100
3001,300200,29,32,100
3002,300300,29,36,100
3003,300400,35,34,100
3004,300500,32,16,100
3005,300600,29,22,100
3006,300700,41,36,100
3007,300800,32,32,100
3008,300900,38,22,100
3009,301000,38,20,100
3010,301100,35,30,100
3011,301200,38,24,100
3012,301300,29,28,100
3013,301400,44,32,100
3014,301500,38,38,100
3015,301600,29,16,100
3016,301700,38,34,100
3017,301800,41,32,100
3018,301900,29,22,100
3019,302000,29,22,100
3020,302100,35,38,100
3021,302200,38,32,100
3022,302300,35,34,100
3023,302400,35,22,100
3024,302500,38,34,100
3025,302600,14,6,100
3026,302700,11,0,100
3027,302800,29,16,100
3028,302900,38,26,100
3029,303000,20,10,100
3030,303100,38,30,100
3031,303200,38,26,100
3032,303300,38,28,100
3033,303400,32,28,100
3034,303500,38,30,100
3035,303600,29,26,100
3036,303700,26,14,100
3037,303800,41,40,100
3038,303900,35,30,100
3039,304000,35,28,100
3040,304100,32,30,100
3041,304200,32,30,100
3042,304300,32,16,100
3043,304400,29,12,100
3044,304500,29,22,100
3045,304600,35,36,100
3046,304700,41,32,100
3047,304800,38,32,100
3048,304900,32,16,100
3049,305000,38,44,100
3050,305100,41,30,100
3051,305200,44,32,100
3052,305300,32,32,100
3053,305400,32,20,100
3054,305500,23,22,100
3055,305600,32,26,100
3056,305700,38,22,100
3057,305800,32,14,100
3058,305900,41,22,100
3059,306000,35,30,100
3060,306100,38,36,100
3061,306200,35,20,100
3062,306300,38,26,100
3063,306400,38,30,100
3064,306500,29,36,100
3065,306600,38,30,100
3066,306700,41,30,100
3067,306800,35,30,100
3068,306900,32,30,100
3069,307000,41,28,100
3070,307100,29,20,100
3071,307200,32,32,100
3072,307300,35,24,100
3073,307400,38,28,100
3074,307500,29,24,100
3075,307600,32,22,100
3076,307700,32,24,100
3077,307800,41,28,100
3078,307900,32,24,100
3079,308000,38,42,100
3080,308100,23,8,100
3081,308200,41,32,100
3082,308300,35,26,100
3083,308400,32,38,100
3084,308500,29,24,100
3085,308600,29,22,100
3086,308700,38,30,100
3087,308800,38,46,100
3088,308900,32,18,100
3089,309000,44,14,100
3090,309100,44,24,100
3091,309200,38,34,100
3092,309300,41,18,100
3093,309400,32,18,100
3094,309500,29,22,100
3095,309600,35,32,100
3096,309700,20,20,100
3097,309800,32,24,100
3098,309900,38,36,100
3099,310000,38,28,100
3100,310100,29,20,100
3101,310200,41,30,100
3102,310300,35,30,100
3103,310400,20,8,100
3104,310500,44,34,100
3105,310600,35,36,100
3106,310700,38,44,100
3107,310800,38,26,100
3108,310900,44,40,100
3109,311000,32,34,100
3110,311100,35,14,100
3111,311200,32,18,100
3112,311300,23,18,100
3113,311400,35,24,100
3114,311500,38,22,100
3115,311600,26,24,100
3116,311700,32,10,100
3117,311800,44,24,100
3118,311900,38,22,100
3119,312000,41,14,100
3120,312100,26,-4,100
3121,312200,35,20,100
3122,312300,41,24,100
3123,312400,44,16,100
3124,312500,38,30,100
3125,312600,38,28,100
3126,312700,35,0,100
3127,312800,32,18,100
3128,312900,26,16,100
3129,313000,14,2,100
3130,313100,35,20,100
3131,313200,35,30,100
3132,313300,38,6,100
3133,313400,26,6,100
3134,313500,26,26,100
3135,313600,32,16,100
3136,313700,38,40,100
3137,313800,29,22,100
3138,313900,44,32,100
3139,314000,41,28,100
3140,314100,44,38,100
3141,314200,38,20,100
3142,314300,35,32,100
3143,314400,32,22,100
3144,314500,32,40,100
3145,314600,29,20,100
3146,314700,41,28,100
3147,314800,35,36,100
3148,314900,41,22,100
3149,315000,44,26,100
3150,315100,32,40,100
3151,315200,41,48,100
3152,315300,41,36,100
3153,315400,35,24,100
3154,315500,38,30,100
3155,315600,41,32,100
3156,315700,35,30,100
3157,315800,35,20,100
3158,315900,44,40,100
3159,316000,32,18,100
3160,316100,35,26,100
3161,316200,38,34,100
3162,316300,29,24,100
3163,316400,41,44,100
3164,316500,38,26,100
3165,316600,35,22,100
3166,316700,38,24,100
3167,316800,35,16,100
3168,316900,32,16,100
3169,317000,44,42,100
3170,317100,41,30,100
3171,317200,29,16,100
3172,317300,38,28,100
3173,317400,29,18,100
3174,317500,38,28,100
3175,317600,41,32,100
3176,317700,38,24,100
3177,317800,41,22,100
3178,317900,41,42,100
3179,318000,32,20,100
3180,318100,32,14,100
3181,318200,41,24,100
3182,318300,41,30,100
3183,318400,41,36,100
3184,318500,38,18,100
3185,318600,35,30,100
3186,318700,35,28,100
3187,318800,44,18,100
3188,318900,44,42,100
3189,319000,44,34,100
3190,319100,38,16,100
3191,319200,41,46,100
3192,319300,41,32,100
3193,319400,44,28,100
3194,319500,29,34,100
3195,319600,29,24,100
3196,319700,32,22,100
3197,319800,41,28,100
3198,319900,41,46,100
3199,320000,44,28,100
3200,320100,38,40,100
3201,320200,38,32,100
3202,320300,38,38,100
3203,320400,41,14,100
3204,320500,41,32,100
3205,320600,38,36,100
3206,320700,38,28,100
3207,320800,32,34,100
3208,320900,41,36,100
3209,321000,35,24,100
3210,321100,44,28,100
3211,321200,35,20,100
3212,321300,35,28,100
3213,321400,29,32,100
3214,321500,44,36,100
3215,321600,35,30,100
3216,321700,35,38,100
3217,321800,32,14,100
3218,321900,38,28,100
3219,322000,44,38,100
3220,322100,41,32,100
3221,322200,35,28,100
3222,322300,41,42,100
3223,322400,44,24,100
3224,322500,41,24,100
3225,322600,41,50,100
3226,322700,44,30,100
3227,322800,38,28,100
3228,322900,47,26,100
3229,323000,35,24,100
3230,323100,47,44,100
3231,323200,32,24,100
3232,323300,44,32,100
3233,323400,47,36,100
3234,323500,32,16,100
3235,323600,35,28,100
3236,323700,44,42,100
3237,323800,38,26,100
3238,323900,41,22,100
3239,324000,44,36,100
3240,324100,38,24,100
3241,324200,44,34,100
3242,324300,35,10,100
3243,324400,47,42,100
3244,324500,47,26,100
3245,324600,35,18,100
3246,324700,35,24,100
3247,324800,26,16,100
3248,324900,41,14,100
3249,325000,35,12,100
3250,325100,41,26,100
3251,325200,35,24,100
3252,325300,44,26,100
3253,325400,38,38,100
3254,325500,41,22,100
3255,325600,38,30,100
3256,325700,44,18,100
3257,325800,41,24,100
3258,325900,41,40,100
3259,326000,41,38,100
3260,326100,41,42,100
3261,326200,32,28,100
3262,326300,41,38,100
3263,326400,50,26,100
3264,326500,38,20,100
3265,326600,35,18,100
3266,326700,38,18,100
3267,326800,41,24,100
3268,326900,44,34,100
3269,327000,44,26,100
3270,327100,35,44,100
3271,327200,38,36,100
3272,327300,41,24,100
3273,327400,41,18,100
3274,327500,35,16,100
3275,327600,50,48,100
3276,327700,41,28,100
3277,327800,44,14,100
3278,327900,38,28,100
3279,328000,44,24,100
3280,328100,44,32,100
3281,328200,41,14,100
3282,328300,44,34,100
3283,328400,44,26,100
3284,328500,38,30,100
3285,328600,38,32,100
3286,328700,38,32,100
3287,328800,41,32,100
3288,328900,35,18,100
3289,329000,41,34,100
3290,329100,41,22,100
3291,329200,44,24,100
3292,329300,44,42,100
3293,329400,29,14,100
3294,329500,41,16,100
3295,329600,41,30,100
3296,329700,41,46,100
3297,329800,47,40,100
3298,329900,38,28,100
3299,330000,32,18,100
3300,330100,44,18,100
3301,330200,44,24,100
3302,330300,38,28,100
3303,330400,47,22,100
3304,330500,35,16,100
3305,330600,44,26,100
3306,330700,44,22,100
3307,330800,41,24,100
3308,330900,38,26,100
3309,331000,44,32,100
3310,331100,41,20,100
3311,331200,44,26,100
3312,331300,35,30,100
3313,331400,44,32,100
3314,331500,41,20,100
3315,331600,44,34,100
3316,331700,44,8,100
3317,331800,44,8,100
3318,331900,32,36,100
3319,332000,32,18,100
3320,332100,41,34,100
3321,332200,41,22,100
3322,332300,41,22,100
3323,332400,47,34,100
3324,332500,38,40,100
3325,332600,41,32,100
3326,332700,44,28,100
3327,332800,38,20,100
3328,332900,44,32,100
3329,333000,35,22,100
3330,333100,41,30,100
3331,333200,44,30,100
3332,333300,38,14,100
3333,333400,44,48,100
3334,333500,41,40,100
3335,333600,35,20,100
3336,333700,41,24,100
3337,333800,47,32,100
3338,333900,44,28,100
3339,334000,47,18,100
3340,334100,35,44,100
3341,334200,50,44,100
3342,334300,38,40,100
3343,334400,35,14,100
3344,334500,44,46,100
3345,334600,47,38,100
3346,334700,38,28,100
3347,334800,38,42,100
3348,334900,44,38,100
3349,335000,44,42,100
3350,335100,41,36,100
3351,335200,41,24,100
3352,335300,29,28,100
3353,335400,47,30,100
3354,335500,44,22,100
3355,335600,41,24,100
3356,335700,35,28,100
3357,335800,41,30,100
3358,335900,41,22,100
3359,336000,47,30,100
3360,336100,47,40,100
3361,336200,38,24,100
3362,336300,35,30,100
3363,336400,41,16,100
3364,336500,35,34,100
3365,336600,44,34,100
3366,336700,47,32,100
3367,336800,47,56,100
3368,336900,41,46,100
3369,337000,44,34,100
3370,337100,41,40,100
3371,337200,38,36,100
3372,337300,44,32,100
3373,337400,47,34,100
3374,337500,41,30,100
3375,337600,50,36,100
3376,337700,47,28,100
3377,337800,41,22,100
3378,337900,38,26,100
3379,338000,38,30,100
3380,338100,41,42,100
3381,338200,38,14,100
3382,338300,44,32,100
3383,338400,38,10,100
3384,338500,47,54,100
3385,338600,41,38,100
3386,338700,47,44,100
3387,338800,38,34,100
3388,338900,44,40,100
3389,339000,44,34,100
3390,339100,41,36,100
3391,339200,47,38,100
3392,339300,47,42,100
3393,339400,32,26,100
3394,339500,47,20,100
3395,339600,47,16,100
3396,339700,41,22,100
3397,339800,47,40,100
3398,339900,38,26,100
3399,340000,41,12,100
3400,340100,41,20,100
3401,340200,44,16,100
3402,340300,38,28,100
3403,340400,38,28,100
3404,340500,41,34,100
3405,340600,44,36,100
3406,340700,47,26,100
3407,340800,47,26,100
3408,340900,47,32,100
3409,341000,38,30,100
3410,341100,44,24,100
3411,341200,41,26,100
3412,341300,50,28,100
3413,341400,35,28,100
3414,341500,35,30,100
3415,341600,44,30,100
3416,341700,47,40,100
3417,341800,44,40,100
3418,341900,41,34,100
3419,342000,47,40,100
3420,342100,35,22,100
3421,342200,47,36,100
3422,342300,44,36,100
3423,342400,44,44,100
3424,342500,44,46,100
3425,342600,41,30,100
3426,342700,44,32,100
3427,342800,41,40,100
3428,342900,41,34,100
3429,343000,44,34,100
3430,343100,41,28,100
3431,343200,41,24,100
3432,343300,44,28,100
3433,343400,26,20,100
3434,343500,41,26,100
3435,343600,47,18,100
3436,343700,44,14,100
3437,343800,47,26,100
3438,343900,38,36,100
3439,344000,41,18,100
3440,344100,38,30,100
3441,344200,47,22,100
3442,344300,44,40,100
3443,344400,44,38,100
3444,344500,41,28,100
3445,344600,41,42,100
3446,344700,47,32,100
3447,344800,44,26,100
3448,344900,47,38,100
3449,345000,41,6,100
3450,345100,47,26,100
3451,345200,41,30,100
3452,345300,44,34,100
3453,345400,38,40,100
3454,345500,44,24,100
3455,345600,44,30,100
3456,345700,41,36,100
3457,345800,44,32,100
3458,345900,47,18,100
3459,346000,47,30,100
3460,346100,44,36,100
3461,346200,44,20,100
3462,346300,44,30,100
3463,346400,44,34,100
3464,346500,41,24,100
3465,346600,41,48,100
3466,346700,47,30,100
3467,346800,47,34,100
3468,346900,44,34,100
3469,347000,41,36,100
3470,347100,47,28,100
3471,347200,47,10,100
3472,347300,47,18,100
3473,347400,47,28,100
3474,347500,47,26,100
3475,347600,44,30,100
3476,347700,35,26,100
3477,347800,41,30,100
3478,347900,44,16,100
3479,348000,41,26,100
3480,348100,38,28,100
3481,348200,47,26,100
3482,348300,47,32,100
3483,348400,41,22,100
3484,348500,38,26,100
3485,348600,44,26,100
3486,348700,38,12,100
3487,348800,50,36,100
3488,348900,44,18,100
3489,349000,44,28,100
3490,349100,44,32,100
3491,349200,41,32,100
3492,349300,44,18,100
3493,349400,47,34,100
3494,349500,47,28,100
3495,349600,47,18,100
3496,349700,41,24,100
3497,349800,35,14,100
3498,349900,41,24,100
3499,350000,44,22,100
3500,350100,41,10,100
3501,350200,47,26,100
3502,350300,47,26,100
3503,350400,47,50,100
3504,350500,44,30,100
3505,350600,44,48,100
3506,350700,47,38,100
3507,350800,44,40,100
3508,350900,44,16,100
3509,351000,44,34,100
3510,351100,44,20,100
3511,351200,41,18,100
3512,351300,47,24,100
3513,351400,47,18,100
3514,351500,47,30,100
3515,351600,44,28,100
3516,351700,50,36,100
3517,351800,50,36,100
3518,351900,44,40,100
3519,352000,41,28,100
3520,352100,47,60,100
3521,352200,47,18,100
3522,352300,50,36,100
3523,352400,47,42,100
3524,352500,50,20,100
3525,352600,44,18,100
3526,352700,44,20,100
3527,352800,47,34,100
3528,352900,47,34,100
3529,353000,44,30,100
3530,353100,44,24,100
3531,353200,47,18,100
3532,353300,47,34,100
3533,353400,41,22,100
3534,353500,44,22,100
3535,353600,41,32,100
3536,353700,41,24,100
3537,353800,44,36,100
3538,353900,50,36,100
3539,354000,41,44,100
3540,354100,41,32,100
3541,354200,44,32,100
3542,354300,38,24,100
3543,354400,50,26,100
3544,354500,47,32,100
3545,354600,41,36,100
3546,354700,44,46,100
3547,354800,41,26,100
3548,354900,41,36,100
3549,355000,38,32,100
3550,355100,41,30,100
3551,355200,44,32,100
3552,355300,41,22,100
3553,355400,44,34,100
3554,355500,50,44,100
3555,355600,41,24,100
3556,355700,44,32,100
3557,355800,50,34,100
3558,355900,44,48,100
3559,356000,47,34,100
3560,356100,47,30,100
3561,356200,44,28,100
3562,356300,47,32,100
3563,356400,41,24,100
3564,356500,47,34,100
3565,356600,41,28,100
3566,356700,50,28,100
3567,356800,44,24,100
3568,356900,44,32,100
3569,357000,41,32,100
3570,357100,47,38,100
3571,357200,47,18,100
3572,357300,44,18,100
3573,357400,35,22,100
3574,357500,47,28,100
3575,357600,47,34,100
3576,357700,38,36,100
3577,357800,41,34,100
3578,357900,44,40,100
3579,358000,44,24,100
3580,358100,47,34,100
3581,358200,47,30,100
3582,358300,41,20,100
3583,358400,47,38,100
3584,358500,47,42,100
3585,358600,44,40,100
3586,358700,50,40,100
3587,358800,50,28,100
3588,358900,50,28,100
3589,359000,47,34,100
3590,359100,41,22,100
3591,359200,41,24,100
3592,359300,50,28,100
3593,359400,47,36,100
3594,359500,44,8,100
3595,359600,47,20,100
3596,359700,47,10,100
3597,359800,44,4,100
3598,359900,41,22,100
3599,360000,47,18,100
3600,360100,47,34,100
3601,360200,44,32,100
3602,360300,47,26,100
3603,360400,50,28,100
3604,360500,47,24,100
3605,360600,41,14,100
3606,360700,47,26,100
3607,360800,41,24,100
3608,360900,41,6,100
3609,361000,47,24,100
3610,361100,47,24,100
3611,361200,38,14,100
3612,361300,41,16,100
3613,361400,44,26,100
3614,361500,41,8,100
3615,361600,41,16,100
3616,361700,41,14,100
3617,361800,41,18,100
3618,361900,47,16,100
3619,362000,44,8,100
3620,362100,47,26,100
3621,362200,50,20,100
3622,362300,47,12,100
3623,362400,50,28,100
3624,362500,44,18,100
3625,362600,47,18,100
3626,362700,50,28,100
3627,362800,44,30,100
3628,362900,50,32,100
3629,363000,41,16,100
3630,363100,44,32,100
3631,363200,44,32,100
3632,363300,44,34,100
3633,363400,47,34,100
3634,363500,47,28,100
3635,363600,47,16,100
3636,363700,44,26,100
3637,363800,44,22,100
3638,363900,47,24,100
3639,364000,50,20,100
3640,364100,47,34,100
3641,364200,47,26,100
3642,364300,44,36,100
3643,364400,47,18,100
3644,364500,44,24,100
3645,364600,47,36,100
3646,364700,44,16,100
3647,364800,41,24,100
3648,364900,50,28,100
3649,365000,47,36,100
3650,365100,38,28,100
3651,365200,47,42,100
3652,365300,44,24,100
3653,365400,44,26,100
3654,365500,47,26,100
3655,365600,44,46,100
3656,365700,47,26,100
3657,365800,50,28,100
3658,365900,50,30,100
3659,366000,32,20,100
3660,366100,47,16,100
3661,366200,44,40,100
3662,366300,41,18,100
3663,366400,47,26,100
3664,366500,47,34,100
3665,366600,47,42,100
3666,366700,44,42,100
3667,366800,47,36,100
3668,366900,44,32,100
3669,367000,47,30,100
3670,367100,47,34,100
3671,367200,47,38,100
3672,367300,47,44,100
3673,367400,47,32,100
3674,367500,44,30,100
3675,367600,44,26,100
3676,367700,44,46,100
3677,367800,47,36,100
3678,367900,47,40,100
3679,368000,47,38,100
3680,368100,47,38,100
3681,368200,44,48,100
3682,368300,44,26,100
3683,368400,47,42,100
3684,368500,47,28,100
3685,368600,47,38,100
3686,368700,47,34,100
3687,368800,47,26,100
3688,368900,47,40,100
3689,369000,35,16,100
3690,369100,50,30,100
3691,369200,38,30,100
3692,369300,47,42,100
3693,369400,44,24,100
3694,369500,47,42,100
3695,369600,47,38,100
3696,369700,44,42,100
3697,369800,47,30,100
3698,369900,41,36,100
3699,370000,47,32,100
3700,370100,44,36,100
3701,370200,47,38,100
3702,370300,50,36,100
3703,370400,47,50,100
3704,370500,50,28,100
3705,370600,44,34,100
3706,370700,44,30,100
3707,370800,47,42,100
3708,370900,47,32,100
3709,371000,44,32,100
3710,371100,47,18,100
3711,371200,47,42,100
3712,371300,47,54,100
3713,371400,47,38,100
3714,371500,41,28,100
3715,371600,44,36,100
3716,371700,47,40,100
3717,371800,47,44,100
3718,371900,47,38,100
3719,372000,47,34,100
3720,372100,50,14,100
3721,372200,50,32,100
3722,372300,47,44,100
3723,372400,47,26,100
3724,372500,38,38,100
3725,372600,50,36,100
3726,372700,47,32,100
3727,372800,47,32,100
3728,372900,47,26,100
3729,373000,41,18,100
3730,373100,47,26,100
3731,373200,41,16,100
3732,373300,47,10,100
3733,373400,44,24,100
3734,373500,47,28,100
3735,373600,50,24,100
3736,373700,47,34,100
3737,373800,47,10,100
3738,373900,44,22,100
3739,374000,41,34,100
3740,374100,50,34,100
3741,374200,47,26,100
3742,374300,50,22,100
3743,374400,44,38,100
3744,374500,41,38,100
3745,374600,47,40,100
3746,374700,47,32,100
3747,374800,47,44,100
3748,374900,44,44,100
3749,375000,50,36,100
3750,375100,41,6,100
3751,375200,44,34,100
3752,375300,47,26,100
3753,375400,50,20,100
3754,375500,50,28,100
3755,375600,50,46,100
3756,375700,47,32,100
3757,375800,50,40,100
3758,375900,41,34,100
3759,376000,44,46,100
3760,376100,47,42,100
3761,376200,47,38,100
3762,376300,47,34,100
3763,376400,44,22,100
3764,376500,41,36,100
3765,376600,47,28,100
3766,376700,44,42,100
3767,376800,44,18,100
3768,376900,47,26,100
3769,377000,44,32,100
3770,377100,41,16,100
3771,377200,44,24,100
3772,377300,47,24,100
3773,377400,47,36,100
3774,377500,41,18,100
3775,377600,47,32,100
3776,377700,44,30,100
3777,377800,50,20,100
3778,377900,50,44,100
3779,378000,50,20,100
3780,378100,47,4,100
3781,378200,50,30,100
3782,378300,47,16,100
3783,378400,44,24,100
3784,378500,44,26,100
3785,378600,50,28,100
3786,378700,38,12,100
3787,378800,44,18,100
3788,378900,44,12,100
3789,379000,50,26,100
3790,379100,47,26,100
3791,379200,47,20,100
3792,379300,47,24,100
3793,379400,44,26,100
3794,379500,47,30,100
3795,379600,50,32,100
3796,379700,47,36,100
3797,379800,47,34,100
3798,379900,47,22,100
3799,380000,50,44,100
3800,380100,47,16,100
3801,380200,47,42,100
3802,380300,47,26,100
3803,380400,50,28,100
3804,380500,50,20,100
3805,380600,38,30,100
3806,380700,41,16,100
3807,380800,50,20,100
3808,380900,50,24,100
3809,381000,44,26,100
3810,381100,41,16,100
3811,381200,44,32,100
3812,381300,47,34,100
3813,381400,44,24,100
3814,381500,50,20,100
3815,381600,44,24,100
3816,381700,50,16,100
3817,381800,50,12,100
3818,381900,44,20,100
3819,382000,47,14,100
3820,382100,44,18,100
3821,382200,50,30,100
3822,382300,50,22,100
3823,382400,47,20,100
3824,382500,47,22,100
3825,382600,47,12,100
3826,382700,47,14,100
3827,382800,50,10,100
3828,382900,50,20,100
3829,383000,41,8,100
3830,383100,44,26,100
3831,383200,44,16,100
3832,383300,50,4,100
3833,383400,47,18,100
3834,383500,47,20,100
3835,383600,50,28,100
3836,383700,44,40,100
3837,383800,47,36,100
3838,383900,41,40,100
3839,384000,44,34,100
3840,384100,47,26,100
3841,384200,50,36,100
3842,384300,50,44,100
3843,384400,47,48,100
3844,384500,44,32,100
3845,384600,47,42,100
3846,384700,50,24,100
3847,384800,47,34,100
3848,384900,47,50,100
3849,385000,50,20,100
3850,385100,47,28,100
3851,385200,47,46,100
3852,385300,50,42,100
3853,385400,44,28,100
3854,385500,44,34,100
3855,385600,47,40,100
3856,385700,44,48,100
3857,385800,47,34,100
3858,385900,47,52,100
3859,386000,50,60,100
3860,386100,44,40,100
3861,386200,47,52,100
3862,386300,50,48,100
3863,386400,47,38,100
3864,386500,50,36,100
3865,386600,47,34,100
3866,386700,50,34,100
3867,386800,38,26,100
3868,386900,41,42,100
3869,387000,47,34,100
3870,387100,47,42,100
3871,387200,44,40,100
3872,387300,38,30,100
3873,387400,50,32,100
3874,387500,41,28,100
3875,387600,47,18,100
3876,387700,50,44,100
3877,387800,47,52,100
3878,387900,47,34,100
3879,388000,47,46,100
3880,388100,47,50,100
3881,388200,47,38,100
3882,388300,47,40,100
3883,388400,44,28,100
3884,388500,47,40,100
3885,388600,44,16,100
3886,388700,47,18,100
3887,388800,47,12,100
3888,388900,50,20,100
3889,389000,44,24,100
3890,389100,47,26,100
3891,389200,47,26,100
3892,389300,50,28,100
3893,389400,44,40,100
3894,389500,47,18,100
3895,389600,50,36,100
3896,389700,50,24,100
3897,389800,47,34,100
3898,389900,47,26,100
3899,390000,47,36,100
3900,390100,47,18,100
3901,390200,44,24,100
3902,390300,47,26,100
3903,390400,50,36,100
3904,390500,47,18,100
3905,390600,50,12,100
3906,390700,44,20,100
3907,390800,44,32,100
3908,390900,47,18,100
3909,391000,44,18,100
3910,391100,41,8,100
3911,391200,44,32,100
3912,391300,44,24,100
3913,391400,47,28,100
3914,391500,47,28,100
3915,391600,47,26,100
3916,391700,41,34,100
3917,391800,47,30,100
3918,391900,47,18,100
3919,392000,47,50,100
3920,392100,50,32,100
3921,392200,47,26,100
3922,392300,44,32,100
3923,392400,50,40,100
3924,392500,47,46,100
3925,392600,44,28,100
3926,392700,47,38,100
3927,392800,50,52,100
3928,392900,47,42,100
3929,393000,47,26,100
3930,393100,47,40,100
3931,393200,44,40,100
3932,393300,50,46,100
3933,393400,44,40,100
3934,393500,50,46,100
3935,393600,47,34,100
3936,393700,47,24,100
3937,393800,44,42,100
3938,393900,44,42,100
3939,394000,47,30,100
3940,394100,47,34,100
3941,394200,50,30,100
3942,394300,44,26,100
3943,394400,47,26,100
3944,394500,44,36,100
3945,394600,47,44,100
3946,394700,47,26,100
3947,394800,47,30,100
3948,394900,50,20,100
3949,395000,47,20,100
3950,395100,47,24,100
3951,395200,47,40,100
3952,395300,47,20,100
3953,395400,47,18,100
3954,395500,50,12,100
3955,395600,50,36,100
3956,395700,50,28,100
3957,395800,44,36,100
3958,395900,47,36,100
3959,396000,44,50,100
3960,396100,47,24,100
3961,396200,47,26,100
3962,396300,44,26,100
3963,396400,44,24,100
3964,396500,47,26,100
3965,396600,47,10,100
3966,396700,50,34,100
3967,396800,47,26,100
3968,396900,47,12,100
3969,397000,44,10,100
3970,397100,47,18,100
3971,397200,44,32,100
3972,397300,50,44,100
3973,397400,47,22,100
3974,397500,47,26,100
3975,397600,47,42,100
3976,397700,50,44,100
3977,397800,44,32,100
3978,397900,50,52,100
3979,398000,44,34,100
3980,398100,47,34,100
3981,398200,47,24,100
3982,398300,50,32,100
3983,398400,47,42,100
3984,398500,47,42,100
3985,398600,47,34,100
3986,398700,47,40,100
3987,398800,50,28,100
3988,398900,47,52,100
3989,399000,47,34,100
3990,399100,47,36,100
3991,399200,41,44,100
3992,399300,47,36,100
3993,399400,50,40,100
3994,399500,41,32,100
3995,399600,41,30,100
3996,399700,50,42,100
3997,399800,41,34,100
3998,399900,47,38,100
3999,400000,50,28,100
4000,400100,47,40,100
4001,400200,47,34,100
4002,400300,44,18,100
4003,400400,44,32,100
4004,400500,50,36,100
4005,400600,47,36,100
4006,400700,47,26,100
4007,400800,50,34,100
4008,400900,44,36,100
4009,401000,50,44,100
4010,401100,50,28,100
4011,401200,50,36,100
4012,401300,50,46,100
4013,401400,41,32,100
4014,401500,47,42,100
4015,401600,50,40,100
4016,401700,41,32,100
4017,401800,47,26,100
4018,401900,44,40,100
4019,402000,47,48,100
4020,402100,50,38,100
4021,402200,47,50,100
4022,402300,50,24,100
4023,402400,44,40,100
4024,402500,47,32,100
4025,402600,50,12,100
4026,402700,47,52,100
4027,402800,47,34,100
4028,402900,47,30,100
4029,403000,47,26,100
4030,403100,47,34,100
4031,403200,50,12,100
4032,403300,50,48,100
4033,403400,50,44,100
4034,403500,47,42,100
4035,403600,44,46,100
4036,403700,44,42,100
4037,403800,47,46,100
4038,403900,50,52,100
4039,404000,50,40,100
4040,404100,50,28,100
4041,404200,50,22,100
4042,404300,44,40,100
4043,404400,50,52,100
4044,404500,44,46,100
4045,404600,50,28,100
4046,404700,47,34,100
4047,404800,50,50,100
4048,404900,41,26,100
4049,405000,47,40,100
4050,405100,44,18,100
4051,405200,47,34,100
4052,405300,44,30,100
4053,405400,44,30,100
4054,405500,50,28,100
4055,405600,47,34,100
4056,405700,50,44,100
4057,405800,50,34,100
4058,405900,47,48,100
4059,406000,50,28,100
4060,406100,44,18,100
4061,406200,44,24,100
4062,406300,50,32,100
4063,406400,47,34,100
4064,406500,41,14,100
4065,406600,47,26,100
4066,406700,41,22,100
4067,406800,47,30,100
4068,406900,50,4,100
4069,407000,47,34,100
4070,407100,44,32,100
4071,407200,50,44,100
4072,407300,50,28,100
4073,407400,50,28,100
4074,407500,47,28,100
4075,407600,50,20,100
4076,407700,44,48,100
4077,407800,47,38,100
4078,407900,47,46,100
4079,408000,47,46,100
4080,408100,50,36,100
4081,408200,44,26,100
4082,408300,47,42,100
4083,408400,47,42,100
4084,408500,47,46,100
4085,408600,50,42,100
4086,408700,47,36,100
4087,408800,44,30,100
4088,408900,50,30,100
4089,409000,44,38,100
4090,409100,44,34,100
4091,409200,47,44,100
4092,409300,47,46,100
4093,409400,47,38,100
4094,409500,47,44,100
4095,409600,47,44,100
4096,409700,47,30,100
4097,409800,44,40,100
4098,409900,47,44,100
4099,410000,47,32,100
4100,410100,50,44,100
4101,410200,47,22,100
4102,410300,47,40,100
4103,410400,47,22,100
4104,410500,44,30,100
4105,410600,47,40,100
4106,410700,50,40,100
4107,410800,47,50,100
4108,410900,47,36,100
4109,411000,47,44,100
4110,411100,47,48,100
4111,411200,47,46,100
4112,411300,47,42,100
4113,411400,44,48,100
4114,411500,50,28,100
4115,411600,50,48,100
4116,411700,47,38,100
4117,411800,50,34,100
4118,411900,50,30,100
4119,412000,44,10,100
4120,412100,50,28,100
4121,412200,44,40,100
4122,412300,50,44,100
4123,412400,50,12,100
4124,412500,44,38,100
4125,412600,50,40,100
4126,412700,50,36,100
4127,412800,47,42,100
4128,412900,47,32,100
4129,413000,47,44,100
4130,413100,47,24,100
4131,413200,50,42,100
4132,413300,47,52,100
4133,413400,50,40,100
4134,413500,44,14,100
4135,413600,47,36,100
4136,413700,44,26,100
4137,413800,50,42,100
4138,413900,47,46,100
4139,414000,47,34,100
4140,414100,47,44,100
4141,414200,47,36,100
4142,414300,50,40,100
4143,414400,47,22,100
4144,414500,47,26,100
4145,414600,50,28,100
4146,414700,44,32,100
4147,414800,44,26,100
4148,414900,47,34,100
4149,415000,47,44,100
4150,415100,47,42,100
4151,415200,47,34,100
4152,415300,44,34,100
4153,415400,50,28,100
4154,415500,50,22,100
4155,415600,50,24,100
4156,415700,50,28,100
4157,415800,50,28,100
4158,415900,44,32,100
4159,416000,50,46,100
4160,416100,50,24,100
4161,416200,50,52,100
4162,416300,47,42,100
4163,416400,50,48,100
4164,416500,50,60,100
4165,416600,44,34,100
4166,416700,47,24,100
4167,416800,50,44,100
4168,416900,41,26,100
4169,417000,41,18,100
4170,417100,44,42,100
4171,417200,38,32,100
4172,417300,47,34,100
4173,417400,44,44,100
4174,417500,47,40,100
4175,417600,44,32,100
4176,417700,50,42,100
4177,417800,47,34,100
4178,417900,44,36,100
4179,418000,47,22,100
4180,418100,47,50,100
4181,418200,50,44,100
4182,418300,47,46,100
4183,418400,50,40,100
4184,418500,41,32,100
4185,418600,50,38,100
4186,418700,47,42,100
4187,418800,47,44,100
4188,418900,47,50,100
4189,419000,50,44,100
4190,419100,50,34,100
4191,419200,47,50,100
4192,419300,44,24,100
4193,419400,41,32,100
4194,419500,47,32,100
4195,419600,50,42,100
4196,419700,41,26,100
4197,419800,41,22,100
4198,419900,41,40,100
4199,420000,47,34,100
4200,420100,44,22,100
4201,420200,50,42,100
4202,420300,50,44,100
4203,420400,50,30,100
4204,420500,47,34,100
4205,420600,47,20,100
4206,420700,47,42,100
4207,420800,47,26,100
4208,420900,47,24,100
4209,421000,47,26,100
4210,421100,50,28,100
4211,421200,50,36,100
4212,421300,47,32,100
4213,421400,47,38,100
4214,421500,50,32,100
4215,421600,50,26,100
4216,421700,50,20,100
4217,421800,47,42,100
4218,421900,50,20,100
4219,422000,47,18,100
4220,422100,47,10,100
4221,422200,50,28,100
4222,422300,47,18,100
4223,422400,47,18,100
4224,422500,50,28,100
4225,422600,47,26,100
4226,422700,50,26,100
4227,422800,47,26,100
4228,422900,47,18,100
4229,423000,50,20,100
4230,423100,47,14,100
4231,423200,47,4,100
4232,423300,47,12,100
4233,423400,50,12,100
4234,423500,50,12,100
4235,423600,47,10,100
4236,423700,47,2,100
4237,423800,50,36,100
4238,423900,44,26,100
4239,424000,47,10,100
4240,424100,50,12,100
4241,424200,50,12,100
4242,424300,50,20,100
4243,424400,47,34,100
4244,424500,47,2,100
4245,424600,47,20,100
4246,424700,41,22,100
4247,424800,41,8,100
4248,424900,47,18,100
4249,425000,47,18,100
4250,425100,50,26,100
4251,425200,47,34,100
4252,425300,50,20,100
4253,425400,47,34,100
4254,425500,50,4,100
4255,425600,47,10,100
4256,425700,50,12,100
4257,425800,50,28,100
4258,425900,47,34,100
4259,426000,50,26,100
4260,426100,50,28,100
4261,426200,50,46,100
4262,426300,50,36,100
4263,426400,44,34,100
4264,426500,47,52,100
4265,426600,50,36,100
4266,426700,50,40,100
4267,426800,50,40,100
4268,426900,44,42,100
4269,427000,50,34,100
4270,427100,50,34,100
4271,427200,44,42,100
4272,427300,47,28,100
4273,427400,50,34,100
4274,427500,47,42,100
4275,427600,50,32,100
4276,427700,47,26,100
4277,427800,50,20,100
4278,427900,47,50,100
4279,428000,50,24,100
4280,428100,50,46,100
4281,428200,50,28,100
4282,428300,41,16,100
4283,428400,44,10,100
4284,428500,50,12,100
4285,428600,41,8,100
4286,428700,44,24,100
4287,428800,47,18,100
4288,428900,47,18,100
4289,429000,50,12,100
4290,429100,44,24,100
4291,429200,50,20,100
4292,429300,47,38,100
4293,429400,44,24,100
4294,429500,47,26,100
4295,429600,50,20,100
4296,429700,47,12,100
4297,429800,50,12,100
4298,429900,47,30,100
4299,430000,44,18,100
4300,430100,50,20,100
4301,430200,50,36,100
4302,430300,47,26,100
4303,430400,50,22,100
4304,430500,47,18,100
4305,430600,50,20,100
4306,430700,50,50,100
4307,430800,50,24,100
4308,430900,47,20,100
4309,431000,50,36,100
4310,431100,50,34,100
4311,431200,44,28,100
4312,431300,50,44,100
4313,431400,50,36,100
4314,431500,50,52,100
4315,431600,47,52,100
4316,431700,50,36,100
4317,431800,47,26,100
4318,431900,50,40,100
4319,432000,44,36,100
4320,432100,47,46,100
4321,432200,44,30,100
4322,432300,44,30,100
4323,432400,47,36,100
4324,432500,47,34,100
4325,432600,47,46,100
4326,432700,44,44,100
4327,432800,50,44,100
4328,432900,50,36,100
4329,433000,47,38,100
4330,433100,50,54,100
4331,433200,47,20,100
4332,433300,47,42,100
4333,433400,50,44,100
4334,433500,50,38,100
4335,433600,50,40,100
4336,433700,44,46,100
4337,433800,47,34,100
4338,433900,50,44,100
4339,434000,47,34,100
4340,434100,50,36,100
4341,434200,47,36,100
4342,434300,47,42,100
4343,434400,50,28,100
4344,434500,44,36,100
4345,434600,50,36,100
4346,434700,47,54,100
4347,434800,50,38,100
4348,434900,44,26,100
4349,435000,50,36,100
4350,435100,50,28,100
4351,435200,47,18,100
4352,435300,50,28,100
4353,435400,50,30,100
4354,435500,50,28,100
4355,435600,44,22,100
4356,435700,47,26,100
4357,435800,47,36,100
4358,435900,44,42,100
4359,436000,47,50,100
4360,436100,50,34,100
4361,436200,47,34,100
4362,436300,50,30,100
4363,436400,50,52,100
4364,436500,47,26,100
4365,436600,50,44,100
4366,436700,50,60,100
4367,436800,50,52,100
4368,436900,50,48,100
4369,437000,44,36,100
4370,437100,41,26,100
4371,437200,50,32,100
4372,437300,44,50,100
4373,437400,47,40,100
4374,437500,50,44,100
4375,437600,50,44,100
4376,437700,47,38,100
4377,437800,47,42,100
4378,437900,47,50,100
4379,438000,47,44,100
4380,438100,50,36,100
4381,438200,50,38,100
4382,438300,47,48,100
4383,438400,47,58,100
4384,438500,50,56,100
4385,438600,50,40,100
4386,438700,50,38,100
4387,438800,50,50,100
4388,438900,44,44,100
4389,439000,50,60,100
4390,439100,47,46,100
4391,439200,47,54,100
4392,439300,47,48,100
4393,439400,44,30,100
4394,439500,50,40,100
4395,439600,47,34,100
4396,439700,50,44,100
4397,439800,50,44,100
4398,439900,47,56,100
4399,440000,47,18,100
4400,440100,50,44,100
4401,440200,50,46,100
4402,440300,47,44,100
4403,440400,47,52,100
4404,440500,50,32,100
4405,440600,50,38,100
4406,440700,47,44,100
4407,440800,47,50,100
4408,440900,50,54,100
4409,441000,44,38,100
4410,441100,50,44,100
4411,441200,47,36,100
4412,441300,47,26,100
4413,441400,47,48,100
4414,441500,47,36,100
4415,441600,44,48,100
4416,441700,50,36,100
4417,441800,50,58,100
4418,441900,50,28,100
4419,442000,50,30,100
4420,442100,50,28,100
4421,442200,47,28,100
4422,442300,47,28,100
4423,442400,50,12,100
4424,442500,50,20,100
4425,442600,50,12,100
4426,442700,50,28,100
4427,442800,47,20,100
4428,442900,50,44,100
4429,443000,47,22,100
4430,443100,50,20,100
4431,443200,50,46,100
4432,443300,50,38,100
4433,443400,47,36,100
4434,443500,50,44,100
4435,443600,47,46,100
4436,443700,47,46,100
4437,443800,50,36,100
4438,443900,50,48,100
4439,444000,47,46,100
4440,444100,47,38,100
4441,444200,50,56,100
4442,444300,44,50,100
4443,444400,44,40,100
4444,444500,50,38,100
4445,444600,44,42,100
4446,444700,47,38,100
4447,444800,44,42,100
4448,444900,50,40,100
4449,445000,44,48,100
4450,445100,47,38,100
4451,445200,47,38,100
4452,445300,50,52,100
4453,445400,50,36,100
4454,445500,47,34,100
4455,445600,47,36,100
4456,445700,47,30,100
4457,445800,50,36,100
4458,445900,50,44,100
4459,446000,47,50,100
4460,446100,47,34,100
4461,446200,47,42,100
4462,446300,50,32,100
4463,446400,47,28,100
4464,446500,47,40,100
4465,446600,50,46,100
4466,446700,50,28,100
4467,446800,47,34,100
4468,446900,47,42,100
4469,447000,44,50,100
4470,447100,50,34,100
4471,447200,47,38,100
4472,447300,50,44,100
4473,447400,47,46,100
4474,447500,44,48,100
4475,447600,47,38,100
4476,447700,47,24,100
4477,447800,50,44,100
4478,447900,50,42,100
4479,448000,50,44,100
4480,448100,44,48,100
4481,448200,44,34,100
4482,448300,47,48,100
4483,448400,50,56,100
4484,448500,50,40,100
4485,448600,50,46,100
4486,448700,47,54,100
4487,448800,47,22,100
4488,448900,44,20,100
4489,449000,50,32,100
4490,449100,47,46,100
4491,449200,44,36,100
4492,449300,44,20,100
4493,449400,50,40,100
4494,449500,47,42,100
4495,449600,47,46,100
4496,449700,47,32,100
4497,449800,47,36,100
4498,449900,47,46,100
4499,450000,44,48,100
4500,450100,47,42,100
4501,450200,47,28,100
4502,450300,50,44,100
4503,450400,47,44,100
4504,450500,50,40,100
4505,450600,47,44,100
4506,450700,47,40,100
4507,450800,50,44,100
4508,450900,50,50,100
4509,451000,50,52,100
4510,451100,47,46,100
4511,451200,50,60,100
4512,451300,50,40,100
4513,451400,50,40,100
4514,451500,47,38,100
4515,451600,47,34,100
4516,451700,47,46,100
4517,451800,44,34,100
4518,451900,47,38,100
4519,452000,44,38,100
4520,452100,44,46,100
4521,452200,50,28,100
4522,452300,47,36,100
4523,452400,50,46,100
4524,452500,47,38,100
4525,452600,47,42,100
4526,452700,47,46,100
4527,452800,50,48,100
4528,452900,41,32,100
4529,453000,44,32,100
4530,453100,50,44,100
4531,453200,44,46,100
4532,453300,47,44,100
4533,453400,47,40,100
4534,453500,47,42,100
4535,453600,50,28,100
4536,453700,50,44,100
4537,453800,47,34,100
4538,453900,47,22,100
4539,454000,50,30,100
4540,454100,50,4,100
4541,454200,47,34,100
4542,454300,50,20,100
4543,454400,50,42,100
4544,454500,47,46,100
4545,454600,47,50,100
4546,454700,50,44,100
4547,454800,47,34,100
4548,454900,50,44,100
4549,455000,50,22,100
4550,455100,50,38,100
4551,455200,50,54,100
4552,455300,50,22,100
4553,455400,50,32,100
4554,455500,50,32,100
4555,455600,47,34,100
4556,455700,50,42,100
4557,455800,47,54,100
4558,455900,47,42,100
4559,456000,50,46,100
4560,456100,50,58,100
4561,456200,50,28,100
4562,456300,50,28,100
4563,456400,47,50,100
4564,456500,47,26,100
4565,456600,50,36,100
4566,456700,50,44,100
4567,456800,50,50,100
4568,456900,50,50,100
4569,457000,50,38,100
4570,457100,50,44,100
4571,457200,50,48,100
4572,457300,47,40,100
4573,457400,47,54,100
4574,457500,47,42,100
4575,457600,47,32,100
4576,457700,47,34,100
4577,457800,50,48,100
4578,457900,44,36,100
4579,458000,50,54,100
4580,458100,50,52,100
4581,458200,47,44,100
4582,458300,47,54,100
4583,458400,50,48,100
4584,458500,44,28,100
4585,458600,47,32,100
4586,458700,47,30,100
4587,458800,44,46,100
4588,458900,44,46,100
4589,459000,47,32,100
4590,459100,50,50,100
4591,459200,47,50,100
4592,459300,50,50,100
4593,459400,50,56,100
4594,459500,47,48,100
4595,459600,50,44,100
4596,459700,50,36,100
4597,459800,47,42,100
4598,459900,44,30,100
4599,460000,50,36,100
4600,460100,50,20,100
4601,460200,50,36,100
4602,460300,47,16,100
4603,460400,50,38,100
4604,460500,50,30,100
4605,460600,50,48,100
4606,460700,47,42,100
4607,460800,50,54,100
4608,460900,44,48,100
4609,461000,47,58,100
4610,461100,47,44,100
4611,461200,47,50,100
4612,461300,50,32,100
4613,461400,50,40,100
4614,461500,50,56,100
4615,461600,50,52,100
4616,461700,44,38,100
4617,461800,50,44,100
4618,461900,47,58,100
4619,462000,47,40,100
4620,462100,47,50,100
4621,462200,44,50,100
4622,462300,50,32,100
4623,462400,47,42,100
4624,462500,50,36,100
4625,462600,50,42,100
4626,462700,50,38,100
4627,462800,47,38,100
4628,462900,50,38,100
4629,463000,50,36,100
4630,463100,50,52,100
4631,463200,50,46,100
4632,463300,47,48,100
4633,463400,50,40,100
4634,463500,50,46,100
4635,463600,47,42,100
4636,463700,50,40,100
4637,463800,50,44,100
4638,463900,50,42,100
4639,464000,47,46,100
4640,464100,50,48,100
4641,464200,50,50,100
4642,464300,50,44,100
4643,464400,50,20,100
4644,464500,50,32,100
4645,464600,47,52,100
4646,464700,50,40,100
4647,464800,47,40,100
4648,464900,50,56,100
4649,465000,47,38,100
4650,465100,47,42,100
4651,465200,47,32,100
4652,465300,50,50,100
4653,465400,50,52,100
4654,465500,50,48,100
4655,465600,47,46,100
4656,465700,47,54,100
4657,465800,50,44,100
4658,465900,44,42,100
4659,466000,47,58,100
4660,466100,50,60,100
4661,466200,47,52,100
4662,466300,50,36,100
4663,466400,50,52,100
4664,466500,50,38,100
4665,466600,47,48,100
4666,466700,47,46,100
4667,466800,44,46,100
4668,466900,47,40,100
4669,467000,47,36,100
4670,467100,44,34,100
4671,467200,50,46,100
4672,467300,50,46,100
4673,467400,50,66,100
4674,467500,50,48,100
4675,467600,47,52,100
4676,467700,47,46,100
4677,467800,50,56,100
4678,467900,50,48,100
4679,468000,50,36,100
4680,468100,50,26,100
4681,468200,50,52,100
4682,468300,47,52,100
4683,468400,47,48,100
4684,468500,50,50,100
4685,468600,50,58,100
4686,468700,50,32,100
4687,468800,50,48,100
4688,468900,47,42,100
4689,469000,41,42,100
4690,469100,50,52,100
4691,469200,44,42,100
4692,469300,50,54,100
4693,469400,47,32,100
4694,469500,50,52,100
4695,469600,47,62,100
4696,469700,50,50,100
4697,469800,47,44,100
4698,469900,50,48,100
4699,470000,47,36,100
4700,470100,50,52,100
4701,470200,50,48,100
4702,470300,44,38,100
4703,470400,50,48,100
4704,470500,50,32,100
4705,470600,47,50,100
4706,470700,47,58,100
4707,470800,50,40,100
4708,470900,50,50,100
4709,471000,50,52,100
4710,471100,50,36,100
4711,471200,47,50,100
4712,471300,50,54,100
4713,471400,47,44,100
4714,471500,47,50,100
4715,471600,44,42,100
4716,471700,50,52,100
4717,471800,50,46,100
4718,471900,50,50,100
4719,472000,47,40,100
4720,472100,47,68,100
4721,472200,50,42,100
4722,472300,47,48,100
4723,472400,50,42,100
4724,472500,50,50,100
4725,472600,47,34,100
4726,472700,50,48,100
4727,472800,50,40,100
4728,472900,50,46,100
4729,473000,50,34,100
4730,473100,47,54,100
4731,473200,50,38,100
4732,473300,50,50,100
4733,473400,50,54,100
4734,473500,47,36,100
4735,473600,47,38,100
4736,473700,50,48,100
4737,473800,50,44,100
4738,473900,50,48,100
4739,474000,50,44,100
4740,474100,47,38,100
4741,474200,50,34,100
4742,474300,50,44,100
4743,474400,44,38,100
4744,474500,50,48,100
4745,474600,47,50,100
4746,474700,50,36,100
4747,474800,50,48,100
4748,474900,50,50,100
4749,475000,50,54,100
4750,475100,50,42,100
4751,475200,47,42,100
4752,475300,47,30,100
4753,475400,47,30,100
4754,475500,47,44,100
4755,475600,50,46,100
4756,475700,50,44,100
4757,475800,50,48,100
4758,475900,50,52,100
4759,476000,50,32,100
4760,476100,50,54,100
4761,476200,50,50,100
4762,476300,47,58,100
4763,476400,50,40,100
4764,476500,50,48,100
4765,476600,47,44,100
4766,476700,47,34,100
4767,476800,50,36,100
4768,476900,44,34,100
4769,477000,47,36,100
4770,477100,47,44,100
4771,477200,50,40,100
4772,477300,47,26,100
4773,477400,50,48,100
4774,477500,50,44,100
4775,477600,50,40,100
4776,477700,50,40,100
4777,477800,47,40,100
4778,477900,47,32,100
4779,478000,50,24,100
4780,478100,50,56,100
4781,478200,50,32,100
4782,478300,47,46,100
4783,478400,47,30,100
4784,478500,47,32,100
4785,478600,50,24,100
4786,478700,44,22,100
4787,478800,50,40,100
4788,478900,50,52,100
4789,479000,47,38,100
4790,479100,44,16,100
4791,479200,41,28,100
4792,479300,47,40,100
4793,479400,44,34,100
4794,479500,41,60,100
4795,479600,47,30,100
4796,479700,47,32,100
4797,479800,44,26,100
4798,479900,50,42,100
4799,480000,47,32,100
4800,480100,50,40,100
4801,480200,50,54,100
4802,480300,47,50,100
4803,480400,47,54,100
4804,480500,50,56,100
4805,480600,50,44,100
4806,480700,50,44,100
4807,480800,50,46,100
4808,480900,50,52,100
4809,481000,47,56,100
4810,481100,50,46,100
4811,481200,50,48,100
4812,481300,47,42,100
4813,481400,47,30,100
4814,481500,50,56,100
4815,481600,47,38,100
4816,481700,50,54,100
4817,481800,50,52,100
4818,481900,47,58,100
4819,482000,50,38,100
4820,482100,47,40,100
4821,482200,50,42,100
4822,482300,50,42,100
4823,482400,50,54,100
4824,482500,47,42,100
4825,482600,44,34,100
4826,482700,47,40,100
4827,482800,47,44,100
4828,482900,44,34,100
4829,483000,44,38,100
4830,483100,50,32,100
4831,483200,50,44,100
4832,483300,50,46,100
4833,483400,50,54,100
4834,483500,47,46,100
4835,483600,47,36,100
4836,483700,50,56,100
4837,483800,50,50,100
4838,483900,50,56,100
4839,484000,50,40,100
4840,484100,47,58,100
4841,484200,50,56,100
4842,484300,50,44,100
4843,484400,50,40,100
4844,484500,50,44,100
4845,484600,47,62,100
4846,484700,47,46,100
4847,484800,50,28,100
4848,484900,50,44,100
4849,485000,50,30,100
4850,485100,47,36,100
4851,485200,50,28,100
4852,485300,50,18,100
4853,485400,50,24,100
4854,485500,47,26,100
4855,485600,50,42,100
4856,485700,50,36,100
4857,485800,47,34,100
4858,485900,50,20,100
4859,486000,47,10,100
4860,486100,50,20,100
4861,486200,50,24,100
4862,486300,50,28,100
4863,486400,47,18,100
4864,486500,47,12,100
4865,486600,47,12,100
4866,486700,50,12,100
4867,486800,50,28,100
4868,486900,50,12,100
4869,487000,50,44,100
4870,487100,50,44,100
4871,487200,50,36,100
4872,487300,47,42,100
4873,487400,47,30,100
4874,487500,50,24,100
4875,487600,50,42,100
4876,487700,50,70,100
4877,487800,50,44,100
4878,487900,50,38,100
4879,488000,50,40,100
4880,488100,50,40,100
4881,488200,50,18,100
4882,488300,50,42,100
4883,488400,47,44,100
4884,488500,50,48,100
4885,488600,50,36,100
4886,488700,44,42,100
4887,488800,47,38,100
4888,488900,44,40,100
4889,489000,44,48,100
4890,489100,47,46,100
4891,489200,50,34,100
4892,489300,47,38,100
4893,489400,47,46,100
4894,489500,50,48,100
4895,489600,47,44,100
4896,489700,50,34,100
4897,489800,50,48,100
4898,489900,50,36,100
4899,490000,47,40,100
4900,490100,47,28,100
4901,490200,47,34,100
4902,490300,47,26,100
4903,490400,47,48,100
4904,490500,47,36,100
4905,490600,41,44,100
4906,490700,47,48,100
4907,490800,47,26,100
4908,490900,47,24,100
4909,491000,44,22,100
4910,491100,50,32,100
4911,491200,47,22,100
4912,491300,50,40,100
4913,491400,50,40,100
4914,491500,50,32,100
4915,491600,50,46,100
4916,491700,47,38,100
4917,491800,47,32,100
4918,491900,47,38,100
4919,492000,47,28,100
4920,492100,44,28,100
4921,492200,47,22,100
4922,492300,47,40,100
4923,492400,47,40,100
4924,492500,47,32,100
4925,492600,50,56,100
4926,492700,50,38,100
4927,492800,47,50,100
4928,492900,50,32,100
4929,493000,47,38,100
4930,493100,44,20,100
4931,493200,44,58,100
4932,493300,50,46,100
4933,493400,47,42,100
4934,493500,47,42,100
4935,493600,50,56,100
4936,493700,50,56,100
4937,493800,50,40,100
4938,493900,47,46,100
4939,494000,50,44,100
4940,494100,47,38,100
4941,494200,50,48,100
4942,494300,47,34,100
4943,494400,50,50,100
4944,494500,50,42,100
4945,494600,47,32,100
4946,494700,47,42,100
4947,494800,47,50,100
4948,494900,47,40,100
4949,495000,50,30,100
4950,495100,50,42,100
4951,495200,47,26,100
4952,495300,47,28,100
4953,495400,50,22,100
4954,495500,50,36,100
4955,495600,47,16,100
4956,495700,50,40,100
4957,495800,50,28,100
4958,495900,50,36,100
4959,496000,47,32,100
4960,496100,50,28,100
4961,496200,50,36,100
4962,496300,50,28,100
4963,496400,50,20,100
4964,496500,41,6,100
4965,496600,47,24,100
4966,496700,50,46,100
4967,496800,50,26,100
4968,496900,50,12,100
4969,497000,50,36,100
4970,497100,50,28,100
4971,497200,47,26,100
4972,497300,44,32,100
4973,497400,50,28,100
4974,497500,47,20,100
4975,497600,47,12,100
4976,497700,50,40,100
4977,497800,47,20,100
4978,497900,50,20,100
4979,498000,50,12,100
4980,498100,50,32,100
4981,498200,50,28,100
4982,498300,50,44,100
4983,498400,47,38,100
4984,498500,50,44,100
4985,498600,47,38,100
4986,498700,50,34,100
4987,498800,50,32,100
4988,498900,47,46,100
4989,499000,50,26,100
4990,499100,47,42,100
4991,499200,50,36,100
4992,499300,50,28,100
4993,499400,47,26,100
4994,499500,47,24,100
4995,499600,50,42,100
4996,499700,50,36,100
4997,499800,47,30,100
4998,499900,50,36,100
4999,500000,50,44,100
5000,500100,50,28,100
5001,500200,50,28,100
5002,500300,47,36,100
5003,500400,50,4,100
5004,500500,44,12,100
5005,500600,50,36,100
5006,500700,50,18,100
5007,500800,50,36,100
5008,500900,47,34,100
5009,501000,50,36,100
5010,501100,47,30,100
5011,501200,50,36,100
5012,501300,47,52,100
5013,501400,50,44,100
5014,501500,50,40,100
5015,501600,50,36,100
5016,501700,47,28,100
5017,501800,50,36,100
5018,501900,50,36,100
5019,502000,50,20,100
5020,502100,47,34,100
5021,502200,50,20,100
5022,502300,47,30,100
5023,502400,50,36,100
5024,502500,50,28,100
5025,502600,47,28,100
5026,502700,44,24,100
5027,502800,50,36,100
5028,502900,50,28,100
5029,503000,50,28,100
5030,503100,47,48,100
5031,503200,47,18,100
5032,503300,50,26,100
5033,503400,47,40,100
5034,503500,50,40,100
5035,503600,47,34,100
5036,503700,50,34,100
5037,503800,41,32,100
5038,503900,50,44,100
5039,504000,47,26,100
5040,504100,47,10,100
5041,504200,44,10,100
5042,504300,50,28,100
5043,504400,47,34,100
5044,504500,44,16,100
5045,504600,50,20,100
5046,504700,50,12,100
5047,504800,50,20,100
5048,504900,50,10,100
5049,505000,47,24,100
5050,505100,50,12,100
5051,505200,50,28,100
5052,505300,47,4,100
5053,505400,50,24,100
5054,505500,47,30,100
5055,505600,50,20,100
5056,505700,50,44,100
5057,505800,47,18,100
5058,505900,47,18,100
5059,506000,50,28,100
5060,506100,50,36,100
5061,506200,50,36,100
5062,506300,47,32,100
5063,506400,50,38,100
5064,506500,47,28,100
5065,506600,50,28,100
5066,506700,50,26,100
5067,506800,50,28,100
5068,506900,50,12,100
5069,507000,50,20,100
5070,507100,50,28,100
5071,507200,47,50,100
5072,507300,50,20,100
5073,507400,50,12,100
5074,507500,47,2,100
5075,507600,47,34,100
5076,507700,50,20,100
5077,507800,47,12,100
5078,507900,47,42,100
5079,508000,50,36,100
5080,508100,50,36,100
5081,508200,50,36,100
5082,508300,50,28,100
5083,508400,50,20,100
5084,508500,50,20,100
5085,508600,47,26,100
5086,508700,50,42,100
5087,508800,50,26,100
5088,508900,50,30,100
5089,509000,47,32,100
5090,509100,50,38,100
5091,509200,50,36,100
5092,509300,47,44,100
5093,509400,50,52,100
5094,509500,50,48,100
5095,509600,47,40,100
5096,509700,44,52,100
5097,509800,50,50,100
5098,509900,47,46,100
5099,510000,50,56,100
5100,510100,47,32,100
5101,510200,50,42,100
5102,510300,47,60,100
5103,510400,50,32,100
5104,510500,47,44,100
5105,510600,50,42,100
5106,510700,50,34,100
5107,510800,50,44,100
5108,510900,50,48,100
5109,511000,47,28,100
5110,511100,47,38,100
5111,511200,50,30,100
5112,511300,47,32,100
5113,511400,50,32,100
5114,511500,50,18,100
5115,511600,50,30,100
5116,511700,50,30,100
5117,511800,50,40,100
5118,511900,50,32,100
5119,512000,50,40,100
5120,512100,44,32,100
5121,512200,50,42,100
5122,512300,44,44,100
5123,512400,47,46,100
5124,512500,50,48,100
5125,512600,47,34,100
5126,512700,50,46,100
5127,512800,50,46,100
5128,512900,50,44,100
5129,513000,47,34,100
5130,513100,50,30,100
5131,513200,50,40,100
5132,513300,47,32,100
5133,513400,50,28,100
5134,513500,50,44,100
5135,513600,50,46,100
5136,513700,50,44,100
5137,513800,50,40,100
5138,513900,47,48,100
5139,514000,47,46,100
5140,514100,50,28,100
5141,514200,50,32,100
5142,514300,50,48,100
5143,514400,50,42,100
5144,514500,50,32,100
5145,514600,50,40,100
5146,514700,50,36,100
5147,514800,47,46,100
5148,514900,47,32,100
5149,515000,50,44,100
5150,515100,50,40,100
5151,515200,47,48,100
5152,515300,44,48,100
5153,515400,50,52,100
5154,515500,50,40,100
5155,515600,50,40,100
5156,515700,50,52,100
5157,515800,50,36,100
5158,515900,50,40,100
5159,516000,47,46,100
5160,516100,50,52,100
5161,516200,50,38,100
5162,516300,50,44,100
5163,516400,50,28,100
5164,516500,50,40,100
5165,516600,47,30,100
5166,516700,47,46,100
5167,516800,50,54,100
5168,516900,50,46,100
5169,517000,50,52,100
5170,517100,50,42,100
5171,517200,50,44,100
5172,517300,50,26,100
5173,517400,50,28,100
5174,517500,50,28,100
5175,517600,50,36,100
5176,517700,50,12,100
5177,517800,50,12,100
5178,517900,50,4,100
5179,518000,50,22,100
5180,518100,50,28,100
5181,518200,50,20,100
5182,518300,50,20,100
5183,518400,50,28,100
5184,518500,50,36,100
5185,518600,50,36,100
5186,518700,47,20,100
5187,518800,50,24,100
5188,518900,50,36,100
5189,519000,50,30,100
5190,519100,50,50,100
5191,519200,50,32,100
5192,519300,50,52,100
5193,519400,47,26,100
5194,519500,47,30,100
5195,519600,50,44,100
5196,519700,50,28,100
5197,519800,50,32,100
5198,519900,50,48,100
5199,520000,47,32,100
5200,520100,50,48,100
5201,520200,50,30,100
5202,520300,47,40,100
5203,520400,50,44,100
5204,520500,50,38,100
5205,520600,50,20,100
5206,520700,50,40,100
5207,520800,50,44,100
5208,520900,50,28,100
5209,521000,50,42,100
5210,521100,50,54,100
5211,521200,47,50,100
5212,521300,50,52,100
5213,521400,50,12,100
5214,521500,50,36,100
5215,521600,50,44,100
5216,521700,47,26,100
5217,521800,47,38,100
5218,521900,50,28,100
5219,522000,50,28,100
5220,522100,50,20,100
5221,522200,50,20,100
5222,522300,47,32,100
5223,522400,47,42,100
5224,522500,47,34,100
5225,522600,50,20,100
5226,522700,47,32,100
5227,522800,47,30,100
5228,522900,50,40,100
5229,523000,47,30,100
5230,523100,50,52,100
5231,523200,50,36,100
5232,523300,50,52,100
5233,523400,50,44,100
5234,523500,50,42,100
5235,523600,50,30,100
5236,523700,47,44,100
5237,523800,47,42,100
5238,523900,50,30,100
5239,524000,50,30,100
5240,524100,50,44,100
5241,524200,50,34,100
5242,524300,50,48,100
5243,524400,50,34,100
5244,524500,47,30,100
5245,524600,50,38,100
5246,524700,47,38,100
5247,524800,44,36,100
5248,524900,50,40,100
5249,525000,50,52,100
5250,525100,50,32,100
5251,525200,50,40,100
5252,525300,50,40,100
5253,525400,50,30,100
5254,525500,50,40,100
5255,525600,50,36,100
5256,525700,50,26,100
5257,525800,50,36,100
5258,525900,50,24,100
5259,526000,50,28,100
5260,526100,47,26,100
5261,526200,47,36,100
5262,526300,50,12,100
5263,526400,47,18,100
5264,526500,50,28,100
5265,526600,47,32,100
5266,526700,50,38,100
5267,526800,50,38,100
5268,526900,50,26,100
5269,527000,47,26,100
5270,527100,47,28,100
5271,527200,50,28,100
5272,527300,50,34,100
5273,527400,50,40,100
5274,527500,50,60,100
5275,527600,50,28,100
5276,527700,50,30,100
5277,527800,50,36,100
5278,527900,47,24,100
5279,528000,41,12,100
5280,528100,50,20,100
5281,528200,47,20,100
5282,528300,50,30,100
5283,528400,50,32,100
5284,528500,44,22,100
5285,528600,47,26,100
5286,528700,50,38,100
5287,528800,50,28,100
5288,528900,50,12,100
5289,529000,50,36,100
5290,529100,47,10,100
5291,529200,47,18,100
5292,529300,50,22,100
5293,529400,47,22,100
5294,529500,47,36,100
5295,529600,47,24,100
5296,529700,50,44,100
5297,529800,50,20,100
5298,529900,50,36,100
5299,530000,47,20,100
5300,530100,50,22,100
5301,530200,47,32,100
5302,530300,50,34,100
5303,530400,50,46,100
5304,530500,50,34,100
5305,530600,50,34,100
5306,530700,50,28,100
5307,530800,50,28,100
5308,530900,50,44,100
5309,531000,50,28,100
5310,531100,50,40,100
5311,531200,50,36,100
5312,531300,47,34,100
5313,531400,50,46,100
5314,531500,50,32,100
5315,531600,50,58,100
5316,531700,50,28,100
5317,531800,50,28,100
5318,531900,50,28,100
5319,532000,50,50,100
5320,532100,47,36,100
5321,532200,50,42,100
5322,532300,47,42,100
5323,532400,50,56,100
5324,532500,50,36,100
5325,532600,50,36,100
5326,532700,50,44,100
5327,532800,50,44,100
5328,532900,50,22,100
5329,533000,50,42,100
5330,533100,50,28,100
5331,533200,50,44,100
5332,533300,50,46,100
5333,533400,50,36,100
5334,533500,50,52,100
5335,533600,47,34,100
5336,533700,50,58,100
5337,533800,50,44,100
5338,533900,50,40,100
5339,534000,50,26,100
5340,534100,47,42,100
5341,534200,50,44,100
5342,534300,50,56,100
5343,534400,50,48,100
5344,534500,50,44,100
5345,534600,47,52,100
5346,534700,50,48,100
5347,534800,50,40,100
5348,534900,50,52,100
5349,535000,50,40,100
5350,535100,47,38,100
5351,535200,50,44,100
5352,535300,47,52,100
5353,535400,50,36,100
5354,535500,47,56,100
5355,535600,41,40,100
5356,535700,47,42,100
5357,535800,50,60,100
5358,535900,47,34,100
5359,536000,50,36,100
5360,536100,50,52,100
5361,536200,50,38,100
5362,536300,50,50,100
5363,536400,47,32,100
5364,536500,47,42,100
5365,536600,50,58,100
5366,536700,50,60,100
5367,536800,50,60,100
5368,536900,50,42,100
5369,537000,50,40,100
5370,537100,50,42,100
5371,537200,47,50,100
5372,537300,50,28,100
5373,537400,47,42,100
5374,537500,50,44,100
5375,537600,50,48,100
5376,537700,50,36,100
5377,537800,50,32,100
5378,537900,50,42,100
5379,538000,50,34,100
5380,538100,50,44,100
5381,538200,50,44,100
5382,538300,47,26,100
5383,538400,50,44,100
5384,538500,47,28,100
5385,538600,50,36,100
5386,538700,50,20,100
5387,538800,50,12,100
5388,538900,47,18,100
5389,539000,50,28,100
5390,539100,50,20,100
5391,539200,47,26,100
5392,539300,47,28,100
5393,539400,50,20,100
5394,539500,50,12,100
5395,539600,50,20,100
5396,539700,47,10,100
5397,539800,47,18,100
5398,539900,50,4,100
5399,540000,50,36,100
5400,540100,50,20,100
5401,540200,50,20,100
5402,540300,50,20,100
5403,540400,50,28,100
5404,540500,50,26,100
5405,540600,50,52,100
5406,540700,50,36,100
5407,540800,50,20,100
5408,540900,50,36,100
5409,541000,50,26,100
5410,541100,50,36,100
5411,541200,50,28,100
5412,541300,50,38,100
5413,541400,47,26,100
5414,541500,50,24,100
5415,541600,50,28,100
5416,541700,50,6,100
5417,541800,47,50,100
5418,541900,50,42,100
5419,542000,50,20,100
5420,542100,47,2,100
5421,542200,50,12,100
5422,542300,50,12,100
5423,542400,50,28,100
5424,542500,47,18,100
5425,542600,50,34,100
5426,542700,50,26,100
5427,542800,50,4,100
5428,542900,50,12,100
5429,543000,50,36,100
5430,543100,50,12,100
5431,543200,50,12,100
5432,543300,50,20,100
5433,543400,50,20,100
5434,543500,50,12,100
5435,543600,50,44,100
5436,543700,50,20,100
5437,543800,50,20,100
5438,543900,50,38,100
5439,544000,50,38,100
5440,544100,50,26,100
5441,544200,50,12,100
5442,544300,50,28,100
5443,544400,47,34,100
5444,544500,50,44,100
5445,544600,47,24,100
5446,544700,50,44,100
5447,544800,50,50,100
5448,544900,44,36,100
5449,545000,50,44,100
5450,545100,50,46,100
5451,545200,50,36,100
5452,545300,50,34,100
5453,545400,50,50,100
5454,545500,50,40,100
5455,545600,50,20,100
5456,545700,50,34,100
5457,545800,50,44,100
5458,545900,47,44,100
5459,546000,50,40,100
5460,546100,47,52,100
5461,546200,50,28,100
5462,546300,50,38,100
5463,546400,50,34,100
5464,546500,50,36,100
5465,546600,50,44,100
5466,546700,50,40,100
5467,546800,50,36,100
5468,546900,50,36,100
5469,547000,50,36,100
5470,547100,50,40,100
5471,547200,50,48,100
5472,547300,50,36,100
5473,547400,50,36,100
5474,547500,50,24,100
5475,547600,47,34,100
5476,547700,50,28,100
5477,547800,50,20,100
5478,547900,50,28,100
5479,548000,50,12,100
5480,548100,50,44,100
5481,548200,47,60,100
5482,548300,50,36,100
5483,548400,50,36,100
5484,548500,50,22,100
5485,548600,50,34,100
5486,548700,50,16,100
5487,548800,50,46,100
5488,548900,50,36,100
5489,549000,47,32,100
5490,549100,50,40,100
5491,549200,50,44,100
5492,549300,50,44,100
5493,549400,50,66,100
5494,549500,47,38,100
5495,549600,47,36,100
5496,549700,47,44,100
5497,549800,50,44,100
5498,549900,50,40,100
5499,550000,50,32,100
5500,550100,44,34,100
5501,550200,50,36,100
5502,550300,50,30,100
5503,550400,50,12,100
5504,550500,50,20,100
5505,550600,44,26,100
5506,550700,47,4,100
5507,550800,50,28,100
5508,550900,50,32,100
5509,551000,47,42,100
5510,551100,50,28,100
5511,551200,50,36,100
5512,551300,50,4,100
5513,551400,50,14,100
5514,551500,50,28,100
5515,551600,50,12,100
5516,551700,50,20,100
5517,551800,50,20,100
5518,551900,50,28,100
5519,552000,50,36,100
5520,552100,50,28,100
5521,552200,50,36,100
5522,552300,50,36,100
5523,552400,50,32,100
5524,552500,47,42,100
5525,552600,50,56,100
5526,552700,50,46,100
5527,552800,50,34,100
5528,552900,47,54,100
5529,553000,50,28,100
5530,553100,47,32,100
5531,553200,47,48,100
5532,553300,47,46,100
5533,553400,47,50,100
5534,553500,47,40,100
5535,553600,50,50,100
5536,553700,50,46,100
5537,553800,50,54,100
5538,553900,47,28,100
5539,554000,50,36,100
5540,554100,47,28,100
5541,554200,50,20,100
5542,554300,50,12,100
5543,554400,47,18,100
5544,554500,47,34,100
5545,554600,50,20,100
5546,554700,50,36,100
5547,554800,50,12,100
5548,554900,50,24,100
5549,555000,47,18,100
5550,555100,47,12,100
5551,555200,50,14,100
5552,555300,50,20,100
5553,555400,47,18,100
5554,555500,47,28,100
5555,555600,50,26,100
5556,555700,50,20,100
5557,555800,50,20,100
5558,555900,47,18,100
5559,556000,50,12,100
5560,556100,50,20,100
5561,556200,50,12,100
5562,556300,50,28,100
5563,556400,50,28,100
5564,556500,50,44,100
5565,556600,50,44,100
5566,556700,50,28,100
5567,556800,50,28,100
5568,556900,50,48,100
5569,557000,47,42,100
5570,557100,50,50,100
5571,557200,50,48,100
5572,557300,50,52,100
5573,557400,50,52,100
5574,557500,50,54,100
5575,557600,50,48,100
5576,557700,50,48,100
5577,557800,50,46,100
5578,557900,50,36,100
5579,558000,50,48,100
5580,558100,47,50,100
5581,558200,50,40,100
5582,558300,47,38,100
5583,558400,50,40,100
5584,558500,47,56,100
5585,558600,50,48,100
5586,558700,50,58,100
5587,558800,47,36,100
5588,558900,50,28,100
5589,559000,50,28,100
5590,559100,50,28,100
5591,559200,50,36,100
5592,559300,47,36,100
5593,559400,47,34,100
5594,559500,50,42,100
5595,559600,50,32,100
5596,559700,50,32,100
5597,559800,50,34,100
5598,559900,47,22,100
5599,560000,41,22,100
5600,560100,47,42,100
5601,560200,47,46,100
5602,560300,50,48,100
5603,560400,50,54,100
5604,560500,50,48,100
5605,560600,50,54,100
5606,560700,47,38,100
5607,560800,50,36,100
5608,560900,50,48,100
5609,561000,50,28,100
5610,561100,50,24,100
5611,561200,47,40,100
5612,561300,50,44,100
5613,561400,50,52,100
5614,561500,47,34,100
5615,561600,50,42,100
5616,561700,44,30,100
5617,561800,50,38,100
5618,561900,47,48,100
5619,562000,50,44,100
5620,562100,50,56,100
5621,562200,47,38,100
5622,562300,47,42,100
5623,562400,47,46,100
5624,562500,50,48,100
5625,562600,44,24,100
5626,562700,50,46,100
5627,562800,47,30,100
5628,562900,47,26,100
5629,563000,50,48,100
5630,563100,50,32,100
5631,563200,50,44,100
5632,563300,50,40,100
5633,563400,50,46,100
5634,563500,50,48,100
5635,563600,50,50,100
5636,563700,50,40,100
5637,563800,50,20,100
5638,563900,44,34,100
5639,564000,50,10,100
5640,564100,47,32,100
5641,564200,50,36,100
5642,564300,50,52,100
5643,564400,50,36,100
5644,564500,50,26,100
5645,564600,47,42,100
5646,564700,47,34,100
5647,564800,50,44,100
5648,564900,47,50,100
5649,565000,50,36,100
5650,565100,50,36,100
5651,565200,50,36,100
5652,565300,47,48,100
5653,565400,50,38,100
5654,565500,50,38,100
5655,565600,50,32,100
5656,565700,50,42,100
5657,565800,50,42,100
5658,565900,50,36,100
5659,566000,50,56,100
5660,566100,50,48,100
5661,566200,50,40,100
5662,566300,50,42,100
5663,566400,47,42,100
5664,566500,47,48,100
5665,566600,47,42,100
5666,566700,50,44,100
5667,566800,50,36,100
5668,566900,50,36,100
5669,567000,50,40,100
5670,567100,50,48,100
5671,567200,47,48,100
5672,567300,50,52,100
5673,567400,50,44,100
5674,567500,50,58,100
5675,567600,50,40,100
5676,567700,50,52,100
5677,567800,50,52,100
5678,567900,50,44,100
5679,568000,50,54,100
5680,568100,47,44,100
5681,568200,50,36,100
5682,568300,50,38,100
5683,568400,50,28,100
5684,568500,47,40,100
5685,568600,47,34,100
5686,568700,50,28,100
5687,568800,47,44,100
5688,568900,50,42,100
5689,569000,50,44,100
5690,569100,47,44,100
5691,569200,50,42,100
5692,569300,47,56,100
5693,569400,50,48,100
5694,569500,50,50,100
5695,569600,50,38,100
5696,569700,50,56,100
5697,569800,47,42,100
5698,569900,50,40,100
5699,570000,50,56,100
5700,570100,50,46,100
5701,570200,50,44,100
5702,570300,47,48,100
5703,570400,50,32,100
5704,570500,50,38,100
5705,570600,50,32,100
5706,570700,47,24,100
5707,570800,50,28,100
5708,570900,50,56,100
5709,571000,50,26,100
5710,571100,47,14,100
5711,571200,47,38,100
5712,571300,47,22,100
5713,571400,47,36,100
5714,571500,50,24,100
5715,571600,50,32,100
5716,571700,50,42,100
5717,571800,47,30,100
5718,571900,50,40,100
5719,572000,50,46,100
5720,572100,50,44,100
5721,572200,47,60,100
5722,572300,47,46,100
5723,572400,50,36,100
5724,572500,50,46,100
5725,572600,50,54,100
5726,572700,50,36,100
5727,572800,50,28,100
5728,572900,50,42,100
5729,573000,50,44,100
5730,573100,50,50,100
5731,573200,50,40,100
5732,573300,47,36,100
5733,573400,50,52,100
5734,573500,44,50,100
5735,573600,50,48,100
5736,573700,50,38,100
5737,573800,50,64,100
5738,573900,50,60,100
5739,574000,47,48,100
5740,574100,50,62,100
5741,574200,47,44,100
5742,574300,50,56,100
5743,574400,50,42,100
5744,574500,50,44,100
5745,574600,47,44,100
5746,574700,50,24,100
5747,574800,50,42,100
5748,574900,50,16,100
5749,575000,50,28,100
5750,575100,50,52,100
5751,575200,50,4,100
5752,575300,47,26,100
5753,575400,50,34,100
5754,575500,47,40,100
5755,575600,50,32,100
5756,575700,50,32,100
5757,575800,47,44,100
5758,575900,50,48,100
5759,576000,50,26,100
5760,576100,50,4,100
5761,576200,50,20,100
5762,576300,50,22,100
5763,576400,50,28,100
5764,576500,50,28,100
5765,576600,50,20,100
5766,576700,50,36,100
5767,576800,50,50,100
5768,576900,50,36,100
5769,577000,50,28,100
5770,577100,50,22,100
5771,577200,50,24,100
5772,577300,47,24,100
5773,577400,50,18,100
5774,577500,50,28,100
5775,577600,50,26,100
5776,577700,50,20,100
5777,577800,50,20,100
5778,577900,44,34,100
5779,578000,47,10,100
5780,578100,50,12,100
5781,578200,50,12,100
5782,578300,50,12,100
5783,578400,50,26,100
5784,578500,50,28,100
5785,578600,50,20,100
5786,578700,50,20,100
5787,578800,50,28,100
5788,578900,50,20,100
5789,579000,50,12,100
5790,579100,50,28,100
5791,579200,50,40,100
5792,579300,50,12,100
5793,579400,50,34,100
5794,579500,50,36,100
5795,579600,50,42,100
5796,579700,47,44,100
5797,579800,47,32,100
5798,579900,47,50,100
5799,580000,50,44,100
5800,580100,50,44,100
5801,580200,50,48,100
5802,580300,50,34,100
5803,580400,50,44,100
5804,580500,50,50,100
5805,580600,50,32,100
5806,580700,50,44,100
5807,580800,50,48,100
5808,580900,47,50,100
5809,581000,50,44,100
5810,581100,50,52,100
5811,581200,50,36,100
5812,581300,50,42,100
5813,581400,50,42,100
5814,581500,47,50,100
5815,581600,50,48,100
5816,581700,50,38,100
5817,581800,50,32,100
5818,581900,47,34,100
5819,582000,47,38,100
5820,582100,50,26,100
5821,582200,50,44,100
5822,582300,47,52,100
5823,582400,47,32,100
5824,582500,50,28,100
5825,582600,50,38,100
5826,582700,50,56,100
5827,582800,50,40,100
5828,582900,50,44,100
5829,583000,50,40,100
5830,583100,50,46,100
5831,583200,47,44,100
5832,583300,50,52,100
5833,583400,50,36,100
5834,583500,50,34,100
5835,583600,50,26,100
5836,583700,47,24,100
5837,583800,47,26,100
5838,583900,50,32,100
5839,584000,50,40,100
5840,584100,50,34,100
5841,584200,47,20,100
5842,584300,50,44,100
5843,584400,50,34,100
5844,584500,50,52,100
5845,584600,47,48,100
5846,584700,50,40,100
5847,584800,50,24,100
5848,584900,50,44,100
5849,585000,50,40,100
5850,585100,50,32,100
5851,585200,50,10,100
5852,585300,47,32,100
5853,585400,47,22,100
5854,585500,47,22,100
5855,585600,50,22,100
5856,585700,50,16,100
5857,585800,50,40,100
5858,585900,50,30,100
5859,586000,50,26,100
5860,586100,50,16,100
5861,586200,50,32,100
5862,586300,44,16,100
5863,586400,50,32,100
5864,586500,47,14,100
5865,586600,47,16,100
5866,586700,47,22,100
5867,586800,47,26,100
5868,586900,44,24,100
5869,587000,47,32,100
5870,587100,47,38,100
5871,587200,50,26,100
5872,587300,50,24,100
5873,587400,47,24,100
5874,587500,47,34,100
5875,587600,50,36,100
5876,587700,47,20,100
5877,587800,50,28,100
5878,587900,41,22,100
5879,588000,50,36,100
5880,588100,50,50,100
5881,588200,50,48,100
5882,588300,50,26,100
5883,588400,50,40,100
5884,588500,50,40,100
5885,588600,50,30,100
5886,588700,50,46,100
5887,588800,50,42,100
5888,588900,47,30,100
5889,589000,47,40,100
5890,589100,50,38,100
5891,589200,50,32,100
5892,589300,44,20,100
5893,589400,50,32,100
5894,589500,47,26,100
5895,589600,47,28,100
5896,589700,50,32,100
5897,589800,50,28,100
5898,589900,50,38,100
5899,590000,50,50,100
5900,590100,50,32,100
5901,590200,50,24,100
5902,590300,50,28,100
5903,590400,50,16,100
5904,590500,47,14,100
5905,590600,44,14,100
5906,590700,47,28,100
5907,590800,50,56,100
5908,590900,50,24,100
5909,591000,50,18,100
5910,591100,47,22,100
5911,591200,47,22,100
5912,591300,50,38,100
5913,591400,50,16,100
5914,591500,50,32,100
5915,591600,50,16,100
5916,591700,47,20,100
5917,591800,47,6,100
5918,591900,50,40,100
5919,592000,50,36,100
5920,592100,50,24,100
5921,592200,50,18,100
5922,592300,47,36,100
5923,592400,47,22,100
5924,592500,50,38,100
5925,592600,50,24,100
5926,592700,50,24,100
5927,592800,47,40,100
5928,592900,50,28,100
5929,593000,47,36,100
5930,593100,50,42,100
5931,593200,50,44,100
5932,593300,50,24,100
5933,593400,47,30,100
5934,593500,50,32,100
5935,593600,47,14,100
5936,593700,50,22,100
5937,593800,50,24,100
5938,593900,50,8,100
5939,594000,50,32,100
5940,594100,47,30,100
5941,594200,47,22,100
5942,594300,44,36,100
5943,594400,47,30,100
5944,594500,44,30,100
5945,594600,50,44,100
5946,594700,50,54,100
5947,594800,50,36,100
5948,594900,50,54,100
5949,595000,50,40,100
5950,595100,50,42,100
5951,595200,50,42,100
5952,595300,50,40,100
5953,595400,50,38,100
5954,595500,47,30,100
5955,595600,50,2,100
5956,595700,47,30,100
5957,595800,50,24,100
5958,595900,50,52,100
5959,596000,50,32,100
5960,596100,47,22,100
5961,596200,47,38,100
5962,596300,47,24,100
5963,596400,47,42,100
5964,596500,50,34,100
5965,596600,50,32,100
5966,596700,50,24,100
5967,596800,50,46,100
5968,596900,50,32,100
5969,597000,50,46,100
5970,597100,47,40,100
5971,597200,50,24,100
5972,597300,50,40,100
5973,597400,50,36,100
5974,597500,50,32,100
5975,597600,47,42,100
5976,597700,50,28,100
5977,597800,50,48,100
5978,597900,50,32,100
5979,598000,50,40,100
5980,598100,50,16,100
5981,598200,50,48,100
5982,598300,50,40,100
5983,598400,50,38,100
5984,598500,50,36,100
5985,598600,50,40,100
5986,598700,50,32,100
5987,598800,50,40,100
5988,598900,50,48,100
5989,599000,50,48,100
5990,599100,50,42,100
5991,599200,47,34,100
5992,599300,50,30,100
5993,599400,50,32,100
5994,599500,50,16,100
5995,599600,50,32,100
5996,599700,50,36,100
5997,599800,50,40,100
5998,599900,50,40,100
5999,600000,50,36,100
6000,600100,50,52,100
6001,600200,47,34,100
6002,600300,47,58,100
6003,600400,50,34,100
6004,600500,50,38,100
6005,600600,50,24,100
6006,600700,50,22,100
6007,600800,47,46,100
6008,600900,50,56,100
6009,601000,47,28,100
6010,601100,50,32,100
6011,601200,50,38,100
6012,601300,50,44,100
6013,601400,50,34,100
6014,601500,50,36,100
6015,601600,50,36,100
6016,601700,47,42,100
6017,601800,50,44,100
6018,601900,50,64,100
6019,602000,50,30,100
6020,602100,50,34,100
6021,602200,50,50,100
6022,602300,47,48,100
6023,602400,50,32,100
6024,602500,50,52,100
6025,602600,50,56,100
6026,602700,50,42,100
6027,602800,47,42,100
6028,602900,50,40,100
6029,603000,50,50,100
6030,603100,50,40,100
6031,603200,50,44,100
6032,603300,47,32,100
6033,603400,47,58,100
6034,603500,50,40,100
6035,603600,50,46,100
6036,603700,47,48,100
6037,603800,47,52,100
6038,603900,50,52,100
6039,604000,50,44,100
6040,604100,50,52,100
6041,604200,50,44,100
6042,604300,50,40,100
6043,604400,50,42,100
6044,604500,50,50,100
6045,604600,50,28,100
6046,604700,44,38,100
6047,604800,50,38,100
6048,604900,47,30,100
6049,605000,50,26,100
6050,605100,50,48,100
6051,605200,50,42,100
6052,605300,47,50,100
6053,605400,50,40,100
6054,605500,50,48,100
6055,605600,50,28,100
6056,605700,50,42,100
6057,605800,50,34,100
6058,605900,50,46,100
6059,606000,50,32,100
6060,606100,50,32,100
6061,606200,50,40,100
6062,606300,50,28,100
6063,606400,47,42,100
6064,606500,47,54,100
6065,606600,50,48,100
6066,606700,47,52,100
6067,606800,47,38,100
6068,606900,50,40,100
6069,607000,50,38,100
6070,607100,50,38,100
6071,607200,50,40,100
6072,607300,50,52,100
6073,607400,50,56,100
6074,607500,47,42,100
6075,607600,50,52,100
6076,607700,47,42,100
6077,607800,50,48,100
6078,607900,50,46,100
6079,608000,50,56,100
6080,608100,50,34,100
6081,608200,47,40,100
6082,608300,50,32,100
6083,608400,50,44,100
6084,608500,50,36,100
6085,608600,47,42,100
6086,608700,50,14,100
6087,608800,50,20,100
6088,608900,50,28,100
6089,609000,50,38,100
6090,609100,50,44,100
6091,609200,50,28,100
6092,609300,50,54,100
6093,609400,50,40,100
6094,609500,50,52,100
6095,609600,50,36,100
6096,609700,50,40,100
6097,609800,50,42,100
6098,609900,50,36,100
6099,610000,50,42,100
6100,610100,50,40,100
6101,610200,44,40,100
6102,610300,50,50,100
6103,610400,50,52,100
6104,610500,50,38,100
6105,610600,50,44,100
6106,610700,50,38,100
6107,610800,47,26,100
6108,610900,50,36,100
6109,611000,50,36,100
6110,611100,44,42,100
6111,611200,50,36,100
6112,611300,50,44,100
6113,611400,50,22,100
6114,611500,50,36,100
6115,611600,50,20,100
6116,611700,50,20,100
6117,611800,50,12,100
6118,611900,50,26,100
6119,612000,50,12,100
6120,612100,50,36,100
6121,612200,47,12,100
6122,612300,50,4,100
6123,612400,50,6,100
6124,612500,50,12,100
6125,612600,47,10,100
6126,612700,50,12,100
6127,612800,50,20,100
6128,612900,50,44,100
6129,613000,50,28,100
6130,613100,50,14,100
6131,613200,50,32,100
6132,613300,50,20,100
6133,613400,50,28,100
6134,613500,50,46,100
6135,613600,47,24,100
6136,613700,50,28,100
6137,613800,47,28,100
6138,613900,50,28,100
6139,614000,50,24,100
6140,614100,50,20,100
6141,614200,50,34,100
6142,614300,50,28,100
6143,614400,50,28,100
6144,614500,50,20,100
6145,614600,50,12,100
6146,614700,47,20,100
6147,614800,47,12,100
6148,614900,47,26,100
6149,615000,50,36,100
6150,615100,50,20,100
6151,615200,50,12,100
6152,615300,50,26,100
6153,615400,50,12,100
6154,615500,50,4,100
6155,615600,47,20,100
6156,615700,50,12,100
6157,615800,50,4,100
6158,615900,50,28,100
6159,616000,50,44,100
6160,616100,50,34,100
6161,616200,50,20,100
6162,616300,50,26,100
6163,616400,50,12,100
6164,616500,50,30,100
6165,616600,50,20,100
6166,616700,50,28,100
6167,616800,50,28,100
6168,616900,47,26,100
6169,617000,50,20,100
6170,617100,47,34,100
6171,617200,50,12,100
6172,617300,50,20,100
6173,617400,50,36,100
6174,617500,50,44,100
6175,617600,50,34,100
6176,617700,47,28,100
6177,617800,50,20,100
6178,617900,50,28,100
6179,618000,50,12,100
6180,618100,50,28,100
6181,618200,50,46,100
6182,618300,41,28,100
6183,618400,50,28,100
6184,618500,50,46,100
6185,618600,50,48,100
6186,618700,50,40,100
6187,618800,47,22,100
6188,618900,50,52,100
6189,619000,50,48,100
6190,619100,47,48,100
6191,619200,50,44,100
6192,619300,50,30,100
6193,619400,50,46,100
6194,619500,50,34,100
6195,619600,50,54,100
6196,619700,50,40,100
6197,619800,50,54,100
6198,619900,50,40,100
6199,620000,47,42,100
6200,620100,50,44,100
6201,620200,50,44,100
6202,620300,50,32,100
6203,620400,50,40,100
6204,620500,50,30,100
6205,620600,47,36,100
6206,620700,50,46,100
6207,620800,50,50,100
6208,620900,50,44,100
6209,621000,50,34,100
6210,621100,47,50,100
6211,621200,50,48,100
6212,621300,50,52,100
6213,621400,47,38,100
6214,621500,50,48,100
6215,621600,50,56,100
6216,621700,50,40,100
6217,621800,50,32,100
6218,621900,47,22,100
6219,622000,50,24,100
6220,622100,50,16,100
6221,622200,50,32,100
6222,622300,50,24,100
6223,622400,47,38,100
6224,622500,41,48,100
6225,622600,50,34,100
6226,622700,50,54,100
6227,622800,50,40,100
6228,622900,50,18,100
6229,623000,47,18,100
6230,623100,50,40,100
6231,623200,47,48,100
6232,623300,50,32,100
6233,623400,50,44,100
6234,623500,47,30,100
6235,623600,50,44,100
6236,623700,50,44,100
6237,623800,50,36,100
6238,623900,50,36,100
6239,624000,50,36,100
6240,624100,50,36,100
6241,624200,50,28,100
6242,624300,50,46,100
6243,624400,50,22,100
6244,624500,50,34,100
6245,624600,50,34,100
6246,624700,50,42,100
6247,624800,47,30,100
6248,624900,50,44,100
6249,625000,50,30,100
6250,625100,50,44,100
6251,625200,50,46,100
6252,625300,50,48,100
6253,625400,50,38,100
6254,625500,50,28,100
6255,625600,50,18,100
6256,625700,50,4,100
6257,625800,50,20,100
6258,625900,50,20,100
6259,626000,50,36,100
6260,626100,50,36,100
6261,626200,50,28,100
6262,626300,50,34,100
6263,626400,50,50,100
6264,626500,50,42,100
6265,626600,50,22,100
6266,626700,50,44,100
6267,626800,50,34,100
6268,626900,47,34,100
6269,627000,50,34,100
6270,627100,47,34,100
6271,627200,47,34,100
6272,627300,50,26,100
6273,627400,50,28,100
6274,627500,47,20,100
6275,627600,50,40,100
6276,627700,50,36,100
6277,627800,50,36,100
6278,627900,50,32,100
6279,628000,50,34,100
6280,628100,50,48,100
6281,628200,50,36,100
6282,628300,50,56,100
6283,628400,50,34,100
6284,628500,50,42,100
6285,628600,50,36,100
6286,628700,50,48,100
6287,628800,50,36,100
6288,628900,50,12,100
6289,629000,50,20,100
6290,629100,50,44,100
6291,629200,50,28,100
6292,629300,50,44,100
6293,629400,50,34,100
6294,629500,50,22,100
6295,629600,50,12,100
6296,629700,50,20,100
6297,629800,50,22,100
6298,629900,50,28,100
6299,630000,47,36,100
6300,630100,50,20,100
6301,630200,50,48,100
6302,630300,50,56,100
6303,630400,50,44,100
6304,630500,50,28,100
6305,630600,50,26,100
6306,630700,50,26,100
6307,630800,50,42,100
6308,630900,50,40,100
6309,631000,50,48,100
6310,631100,50,40,100
6311,631200,50,54,100
6312,631300,50,52,100
6313,631400,50,48,100
6314,631500,50,50,100
6315,631600,50,52,100
6316,631700,50,30,100
6317,631800,50,48,100
6318,631900,50,52,100
6319,632000,50,42,100
6320,632100,50,52,100
6321,632200,50,56,100
6322,632300,50,44,100
6323,632400,47,32,100
6324,632500,50,20,100
6325,632600,47,22,100
6326,632700,50,42,100
6327,632800,50,42,100
6328,632900,50,38,100
6329,633000,50,52,100
6330,633100,47,40,100
6331,633200,50,44,100
6332,633300,50,48,100
6333,633400,50,36,100
6334,633500,47,16,100
6335,633600,50,10,100
6336,633700,50,28,100
6337,633800,50,18,100
6338,633900,44,16,100
6339,634000,47,18,100
6340,634100,50,20,100
6341,634200,50,26,100
6342,634300,50,20,100
6343,634400,50,20,100
6344,634500,47,18,100
6345,634600,50,12,100
6346,634700,50,20,100
6347,634800,50,20,100
6348,634900,47,26,100
6349,635000,50,12,100
6350,635100,50,36,100
6351,635200,50,20,100
6352,635300,50,26,100
6353,635400,50,4,100
6354,635500,50,28,100
6355,635600,50,10,100
6356,635700,47,18,100
6357,635800,44,2,100
6358,635900,50,4,100
6359,636000,50,4,100
6360,636100,50,12,100
6361,636200,50,20,100
6362,636300,50,4,100
6363,636400,50,14,100
6364,636500,50,14,100
6365,636600,50,20,100
6366,636700,50,12,100
6367,636800,47,32,100
6368,636900,50,20,100
6369,637000,47,28,100
6370,637100,50,20,100
6371,637200,50,32,100
6372,637300,47,20,100
6373,637400,47,24,100
6374,637500,50,36,100
6375,637600,50,36,100
6376,637700,50,14,100
6377,637800,50,20,100
6378,637900,50,20,100
6379,638000,50,36,100
6380,638100,50,32,100
6381,638200,50,30,100
6382,638300,50,44,100
6383,638400,50,42,100
6384,638500,50,40,100
6385,638600,50,52,100
6386,638700,50,36,100
6387,638800,50,42,100
6388,638900,50,32,100
6389,639000,50,48,100
6390,639100,50,36,100
6391,639200,47,30,100
6392,639300,50,36,100
6393,639400,50,40,100
6394,639500,50,42,100
6395,639600,50,44,100
6396,639700,50,48,100
6397,639800,50,36,100
6398,639900,50,46,100
6399,640000,50,44,100
6400,640100,50,42,100
6401,640200,47,38,100
6402,640300,50,48,100
6403,640400,50,34,100
6404,640500,50,48,100
6405,640600,50,50,100
6406,640700,47,38,100
6407,640800,50,44,100
6408,640900,47,44,100
6409,641000,50,42,100
6410,641100,50,40,100
6411,641200,47,36,100
6412,641300,50,52,100
6413,641400,50,48,100
6414,641500,50,46,100
6415,641600,47,46,100
6416,641700,50,32,100
6417,641800,50,64,100
6418,641900,47,26,100
6419,642000,50,32,100
6420,642100,50,30,100
6421,642200,50,32,100
6422,642300,47,38,100
6423,642400,50,50,100
6424,642500,50,28,100
6425,642600,47,38,100
6426,642700,50,42,100
6427,642800,50,34,100
6428,642900,47,14,100
6429,643000,47,24,100
6430,643100,50,16,100
6431,643200,50,24,100
6432,643300,50,24,100
6433,643400,50,26,100
6434,643500,47,30,100
6435,643600,50,34,100
6436,643700,50,26,100
6437,643800,50,22,100
6438,643900,50,40,100
6439,644000,50,48,100
6440,644100,50,46,100
6441,644200,50,46,100
6442,644300,50,22,100
6443,644400,50,48,100
6444,644500,50,32,100
6445,644600,50,40,100
6446,644700,50,50,100
6447,644800,50,44,100
6448,644900,50,46,100
6449,645000,50,32,100
6450,645100,50,52,100
6451,645200,47,42,100
6452,645300,50,38,100
6453,645400,50,38,100
6454,645500,50,42,100
6455,645600,50,40,100
6456,645700,50,38,100
6457,645800,50,32,100
6458,645900,50,38,100
6459,646000,50,24,100
6460,646100,47,28,100
6461,646200,50,32,100
6462,646300,50,40,100
6463,646400,47,34,100
6464,646500,47,14,100
6465,646600,50,40,100
6466,646700,50,36,100
6467,646800,50,22,100
6468,646900,50,40,100
6469,647000,50,40,100
6470,647100,50,38,100
6471,647200,50,56,100
6472,647300,50,40,100
6473,647400,50,16,100
6474,647500,47,22,100
6475,647600,47,20,100
6476,647700,47,22,100
6477,647800,50,22,100
6478,647900,50,16,100
6479,648000,50,36,100
6480,648100,50,36,100
6481,648200,50,32,100
6482,648300,47,40,100
6483,648400,50,50,100
6484,648500,44,32,100
6485,648600,50,30,100
6486,648700,50,40,100
6487,648800,50,44,100
6488,648900,50,40,100
6489,649000,50,36,100
6490,649100,50,36,100
6491,649200,50,50,100
6492,649300,50,48,100
6493,649400,50,46,100
6494,649500,50,50,100
6495,649600,50,40,100
6496,649700,50,42,100
6497,649800,50,64,100
6498,649900,50,50,100
6499,650000,50,36,100
6500,650100,50,48,100
6501,650200,47,32,100
6502,650300,50,50,100
6503,650400,50,50,100
6504,650500,50,48,100
6505,650600,50,58,100
6506,650700,47,32,100
6507,650800,47,30,100
6508,650900,47,36,100
6509,651000,50,38,100
6510,651100,50,40,100
6511,651200,50,32,100
6512,651300,50,40,100
6513,651400,50,24,100
6514,651500,50,40,100
6515,651600,50,24,100
6516,651700,50,16,100
6517,651800,50,24,100
6518,651900,50,32,100
6519,652000,50,40,100
6520,652100,50,40,100
6521,652200,50,38,100
6522,652300,50,36,100
6523,652400,50,50,100
6524,652500,50,42,100
6525,652600,50,48,100
6526,652700,50,56,100
6527,652800,50,44,100
6528,652900,44,32,100
6529,653000,50,46,100
6530,653100,50,58,100
6531,653200,50,54,100
6532,653300,50,42,100
6533,653400,50,52,100
6534,653500,50,54,100
6535,653600,50,44,100
6536,653700,50,54,100
6537,653800,50,40,100
6538,653900,50,52,100
6539,654000,50,50,100
6540,654100,50,40,100
6541,654200,50,38,100
6542,654300,47,30,100
6543,654400,50,52,100
6544,654500,50,48,100
6545,654600,50,48,100
6546,654700,50,56,100
6547,654800,50,50,100
6548,654900,50,34,100
6549,655000,50,48,100
6550,655100,50,56,100
6551,655200,50,44,100
6552,655300,47,38,100
6553,655400,50,52,100
6554,655500,50,52,100
6555,655600,50,52,100
6556,655700,50,44,100
6557,655800,50,36,100
6558,655900,50,36,100
6559,656000,50,44,100
6560,656100,50,28,100
6561,656200,50,40,100
6562,656300,50,28,100
6563,656400,50,42,100
6564,656500,50,38,100
6565,656600,50,32,100
6566,656700,50,36,100
6567,656800,50,44,100
6568,656900,50,42,100
6569,657000,47,30,100
6570,657100,50,56,100
6571,657200,50,44,100
6572,657300,50,46,100
6573,657400,50,32,100
6574,657500,50,62,100
6575,657600,47,36,100
6576,657700,50,36,100
6577,657800,50,38,100
6578,657900,50,50,100
6579,658000,50,36,100
6580,658100,50,38,100
6581,658200,50,28,100
6582,658300,50,26,100
6583,658400,50,42,100
6584,658500,50,48,100
6585,658600,50,28,100
6586,658700,50,38,100
6587,658800,50,52,100
6588,658900,50,44,100
6589,659000,50,34,100
6590,659100,50,44,100
6591,659200,50,48,100
6592,659300,50,42,100
6593,659400,50,32,100
6594,659500,50,36,100
6595,659600,47,42,100
6596,659700,50,44,100
6597,659800,50,26,100
6598,659900,50,44,100
6599,660000,50,28,100
6600,660100,50,40,100
6601,660200,50,48,100
6602,660300,50,38,100
6603,660400,47,24,100
6604,660500,44,46,100
6605,660600,50,44,100
6606,660700,50,50,100
6607,660800,50,44,100
6608,660900,50,34,100
6609,661000,50,44,100
6610,661100,50,42,100
6611,661200,50,40,100
6612,661300,50,38,100
6613,661400,50,32,100
6614,661500,50,48,100
6615,661600,50,26,100
6616,661700,50,20,100
6617,661800,50,48,100
6618,661900,50,44,100
6619,662000,47,38,100
6620,662100,50,50,100
6621,662200,50,44,100
6622,662300,50,58,100
6623,662400,50,40,100
6624,662500,50,50,100
6625,662600,50,28,100
6626,662700,50,36,100
6627,662800,50,42,100
6628,662900,50,18,100
6629,663000,50,20,100
6630,663100,50,28,100
6631,663200,50,34,100
6632,663300,50,34,100
6633,663400,47,32,100
6634,663500,50,42,100
6635,663600,50,20,100
6636,663700,44,10,100
6637,663800,50,26,100
6638,663900,50,36,100
6639,664000,50,36,100
6640,664100,50,28,100
6641,664200,47,26,100
6642,664300,50,24,100
6643,664400,50,58,100
6644,664500,50,34,100
6645,664600,50,34,100
6646,664700,50,48,100
6647,664800,50,36,100
6648,664900,50,28,100
6649,665000,50,26,100
6650,665100,50,28,100
6651,665200,50,32,100
6652,665300,50,34,100
6653,665400,47,30,100
6654,665500,50,24,100
6655,665600,50,34,100
6656,665700,50,62,100
6657,665800,50,50,100
6658,665900,47,54,100
6659,666000,50,48,100
6660,666100,50,50,100
6661,666200,50,40,100
6662,666300,50,40,100
6663,666400,50,48,100
6664,666500,50,40,100
6665,666600,50,46,100
6666,666700,47,22,100
6667,666800,50,32,100
6668,666900,47,28,100
6669,667000,47,46,100
6670,667100,50,26,100
6671,667200,50,44,100
6672,667300,47,34,100
6673,667400,50,60,100
6674,667500,50,48,100
6675,667600,50,38,100
6676,667700,47,38,100
6677,667800,50,32,100
6678,667900,47,30,100
6679,668000,50,60,100
6680,668100,50,46,100
6681,668200,50,52,100
6682,668300,50,56,100
6683,668400,50,48,100
6684,668500,50,50,100
6685,668600,50,48,100
6686,668700,50,42,100
6687,668800,50,46,100
6688,668900,47,44,100
6689,669000,50,52,100
6690,669100,50,54,100
6691,669200,50,52,100
6692,669300,50,60,100
6693,669400,50,52,100
6694,669500,50,52,100
6695,669600,50,60,100
6696,669700,50,60,100
6697,669800,50,56,100
6698,669900,50,50,100
6699,670000,50,48,100
6700,670100,50,52,100
6701,670200,50,38,100
6702,670300,50,32,100
6703,670400,50,56,100
6704,670500,50,30,100
6705,670600,50,24,100
6706,670700,50,26,100
6707,670800,50,32,100
6708,670900,50,50,100
6709,671000,50,48,100
6710,671100,47,32,100
6711,671200,47,34,100
6712,671300,50,36,100
6713,671400,50,52,100
6714,671500,50,40,100
6715,671600,50,42,100
6716,671700,47,26,100
6717,671800,50,42,100
6718,671900,47,32,100
6719,672000,47,32,100
6720,672100,47,32,100
6721,672200,47,24,100
6722,672300,50,38,100
6723,672400,50,40,100
6724,672500,50,32,100
6725,672600,47,40,100
6726,672700,50,36,100
6727,672800,50,36,100
6728,672900,50,56,100
6729,673000,50,32,100
6730,673100,50,26,100
6731,673200,50,40,100
6732,673300,47,50,100
6733,673400,50,46,100
6734,673500,50,26,100
6735,673600,47,36,100
6736,673700,50,30,100
6737,673800,50,38,100
6738,673900,50,26,100
6739,674000,50,34,100
6740,674100,50,40,100
6741,674200,50,34,100
6742,674300,50,18,100
6743,674400,50,24,100
6744,674500,50,24,100
6745,674600,47,30,100
6746,674700,50,34,100
6747,674800,50,24,100
6748,674900,47,22,100
6749,675000,50,10,100
6750,675100,50,24,100
6751,675200,47,32,100
6752,675300,50,26,100
6753,675400,44,20,100
6754,675500,47,38,100
6755,675600,50,28,100
6756,675700,47,30,100
6757,675800,50,28,100
6758,675900,47,38,100
6759,676000,47,46,100
6760,676100,50,40,100
6761,676200,47,30,100
6762,676300,50,34,100
6763,676400,50,10,100
6764,676500,50,52,100
6765,676600,50,34,100
6766,676700,50,28,100
6767,676800,50,32,100
6768,676900,50,46,100
6769,677000,50,32,100
6770,677100,47,26,100
6771,677200,50,42,100
6772,677300,50,50,100
6773,677400,50,20,100
6774,677500,47,48,100
6775,677600,47,34,100
6776,677700,50,62,100
6777,677800,50,34,100
6778,677900,50,62,100
6779,678000,50,40,100
6780,678100,50,48,100
6781,678200,50,52,100
6782,678300,50,44,100
6783,678400,50,40,100
6784,678500,50,58,100
6785,678600,50,48,100
6786,678700,50,58,100
6787,678800,50,58,100
6788,678900,50,48,100
6789,679000,50,54,100
6790,679100,50,52,100
6791,679200,50,64,100
6792,679300,50,48,100
6793,679400,50,42,100
6794,679500,50,52,100
6795,679600,50,48,100
6796,679700,50,56,100
6797,679800,50,54,100
6798,679900,50,44,100
6799,680000,50,52,100
6800,680100,50,52,100
6801,680200,50,32,100
6802,680300,50,52,100
6803,680400,50,44,100
6804,680500,50,34,100
6805,680600,50,50,100
6806,680700,50,44,100
6807,680800,47,42,100
6808,680900,50,50,100
6809,681000,50,36,100
6810,681100,50,42,100
6811,681200,50,40,100
6812,681300,50,36,100
6813,681400,50,26,100
6814,681500,50,52,100
6815,681600,50,48,100
6816,681700,50,34,100
6817,681800,50,44,100
6818,681900,50,60,100
6819,682000,50,44,100
6820,682100,47,54,100
6821,682200,50,56,100
6822,682300,50,40,100
6823,682400,50,48,100
6824,682500,50,48,100
6825,682600,50,40,100
6826,682700,50,40,100
6827,682800,50,36,100
6828,682900,50,48,100
6829,683000,47,32,100
6830,683100,44,34,100
6831,683200,50,16,100
6832,683300,50,42,100
6833,683400,50,32,100
6834,683500,50,42,100
6835,683600,50,50,100
6836,683700,50,48,100
6837,683800,50,38,100
6838,683900,50,42,100
6839,684000,50,42,100
6840,684100,50,22,100
6841,684200,50,24,100
6842,684300,50,24,100
6843,684400,47,30,100
6844,684500,44,20,100
6845,684600,47,38,100
6846,684700,50,34,100
6847,684800,50,16,100
6848,684900,50,32,100
6849,685000,50,32,100
6850,685100,50,34,100
6851,685200,50,16,100
6852,685300,50,24,100
6853,685400,50,32,100
6854,685500,44,16,100
6855,685600,50,16,100
6856,685700,50,36,100
6857,685800,50,26,100
6858,685900,47,32,100
6859,686000,47,30,100
6860,686100,50,20,100
6861,686200,50,26,100
6862,686300,44,12,100
6863,686400,50,16,100
6864,686500,50,28,100
6865,686600,50,32,100
6866,686700,47,22,100
6867,686800,47,30,100
6868,686900,47,32,100
6869,687000,47,22,100
6870,687100,50,24,100
6871,687200,50,32,100
6872,687300,50,16,100
6873,687400,47,6,100
6874,687500,50,18,100
6875,687600,50,24,100
6876,687700,50,22,100
6877,687800,50,40,100
6878,687900,50,8,100
6879,688000,47,6,100
6880,688100,50,28,100
6881,688200,47,26,100
6882,688300,50,48,100
6883,688400,50,44,100
6884,688500,50,28,100
6885,688600,50,32,100
6886,688700,50,24,100
6887,688800,50,32,100
6888,688900,50,16,100
6889,689000,47,32,100
6890,689100,50,24,100
6891,689200,50,26,100
6892,689300,50,36,100
6893,689400,47,34,100
6894,689500,47,22,100
6895,689600,50,32,100
6896,689700,50,34,100
6897,689800,47,38,100
6898,689900,47,32,100
6899,690000,50,44,100
6900,690100,50,48,100
6901,690200,50,58,100
6902,690300,50,40,100
6903,690400,50,40,100
6904,690500,50,40,100
6905,690600,50,34,100
6906,690700,41,22,100
6907,690800,50,44,100
6908,690900,50,34,100
6909,691000,50,46,100
6910,691100,50,24,100
6911,691200,47,32,100
6912,691300,44,16,100
6913,691400,47,24,100
6914,691500,47,26,100
6915,691600,50,24,100
6916,691700,47,16,100
6917,691800,50,26,100
6918,691900,50,32,100
6919,692000,50,32,100
6920,692100,50,16,100
6921,692200,50,16,100
6922,692300,50,24,100
6923,692400,50,24,100
6924,692500,50,0,100
6925,692600,44,4,100
6926,692700,47,14,100
6927,692800,44,-4,100
6928,692900,50,34,100
6929,693000,50,32,100
6930,693100,47,16,100
6931,693200,44,32,100
6932,693300,50,24,100
6933,693400,50,24,100
6934,693500,50,28,100
6935,693600,44,16,100
6936,693700,50,36,100
6937,693800,47,30,100
6938,693900,50,26,100
6939,694000,47,24,100
6940,694100,50,34,100
6941,694200,50,40,100
6942,694300,44,20,100
6943,694400,50,34,100
6944,694500,50,44,100
6945,694600,50,34,100
6946,694700,44,22,100
6947,694800,47,36,100
6948,694900,50,42,100
6949,695000,50,32,100
6950,695100,50,34,100
6951,695200,50,42,100
6952,695300,50,24,100
6953,695400,50,18,100
6954,695500,50,42,100
6955,695600,50,40,100
6956,695700,50,36,100
6957,695800,50,36,100
6958,695900,50,28,100
6959,696000,47,20,100
6960,696100,50,48,100
6961,696200,50,32,100
6962,696300,50,48,100
6963,696400,50,32,100
6964,696500,50,34,100
6965,696600,50,32,100
6966,696700,50,34,100
6967,696800,50,48,100
6968,696900,50,32,100
6969,697000,50,46,100
6970,697100,50,48,100
6971,697200,50,40,100
6972,697300,50,24,100
6973,697400,50,46,100
6974,697500,50,54,100
6975,697600,50,54,100
6976,697700,50,42,100
6977,697800,50,44,100
6978,697900,50,48,100
6979,698000,50,44,100
6980,698100,50,44,100
6981,698200,50,44,100
6982,698300,50,58,100
6983,698400,47,52,100
6984,698500,47,48,100
6985,698600,50,54,100
6986,698700,50,64,100
6987,698800,50,36,100
6988,698900,47,56,100
6989,699000,50,50,100
6990,699100,50,72,100
6991,699200,50,48,100
6992,699300,50,60,100
6993,699400,50,50,100
6994,699500,50,54,100
6995,699600,50,44,100
6996,699700,50,60,100
6997,699800,50,58,100
6998,699900,50,38,100
6999,700000,50,40,100
7000,700100,50,50,100
7001,700200,44,44,100
7002,700300,50,68,100
7003,700400,50,40,100
7004,700500,50,52,100
7005,700600,47,58,100
7006,700700,50,40,100
7007,700800,50,40,100
7008,700900,50,40,100
7009,701000,50,40,100
7010,701100,50,26,100
7011,701200,50,48,100
7012,701300,50,58,100
7013,701400,50,48,100
7014,701500,50,40,100
7015,701600,50,16,100
7016,701700,50,24,100
7017,701800,50,24,100
7018,701900,50,48,100
7019,702000,50,32,100
7020,702100,47,14,100
7021,702200,47,18,100
7022,702300,50,8,100
7023,702400,50,24,100
7024,702500,44,12,100
7025,702600,47,8,100
7026,702700,50,30,100
7027,702800,47,44,100
7028,702900,50,40,100
7029,703000,50,40,100
7030,703100,50,30,100
7031,703200,50,42,100
7032,703300,50,38,100
7033,703400,50,30,100
7034,703500,50,32,100
7035,703600,50,48,100
7036,703700,47,34,100
7037,703800,50,40,100
7038,703900,50,30,100
7039,704000,50,48,100
7040,704100,50,48,100
7041,704200,50,42,100
7042,704300,47,38,100
7043,704400,50,44,100
7044,704500,50,48,100
7045,704600,50,44,100
7046,704700,50,42,100
7047,704800,47,44,100
7048,704900,47,32,100
7049,705000,47,42,100
7050,705100,50,58,100
7051,705200,50,40,100
7052,705300,50,42,100
7053,705400,47,48,100
7054,705500,50,62,100
7055,705600,50,48,100
7056,705700,50,34,100
7057,705800,50,46,100
7058,705900,50,40,100
7059,706000,50,40,100
7060,706100,50,22,100
7061,706200,50,32,100
7062,706300,50,32,100
7063,706400,47,26,100
7064,706500,50,24,100
7065,706600,50,40,100
7066,706700,50,34,100
7067,706800,47,30,100
7068,706900,47,32,100
7069,707000,50,38,100
7070,707100,50,40,100
7071,707200,50,32,100
7072,707300,50,50,100
7073,707400,50,48,100
7074,707500,50,50,100
7075,707600,47,42,100
7076,707700,50,34,100
7077,707800,50,32,100
7078,707900,50,24,100
7079,708000,47,40,100
7080,708100,50,32,100
7081,708200,50,40,100
7082,708300,47,46,100
7083,708400,50,42,100
7084,708500,50,48,100
7085,708600,47,42,100
7086,708700,50,42,100
7087,708800,47,46,100
7088,708900,50,28,100
7089,709000,47,32,100
7090,709100,50,36,100
7091,709200,50,40,100
7092,709300,50,36,100
7093,709400,50,50,100
7094,709500,50,42,100
7095,709600,50,38,100
7096,709700,47,36,100
7097,709800,50,36,100
7098,709900,50,22,100
7099,710000,50,48,100
7100,710100,50,34,100
7101,710200,50,52,100
7102,710300,50,26,100
7103,710400,47,26,100
7104,710500,50,34,100
7105,710600,50,42,100
7106,710700,50,48,100
7107,710800,50,58,100
7108,710900,50,36,100
7109,711000,47,48,100
7110,711100,50,64,100
7111,711200,50,56,100
7112,711300,50,50,100
7113,711400,50,56,100
7114,711500,47,42,100
7115,711600,50,50,100
7116,711700,50,50,100
7117,711800,50,44,100
7118,711900,50,38,100
7119,712000,50,58,100
7120,712100,47,64,100
7121,712200,47,34,100
7122,712300,44,36,100
7123,712400,47,50,100
7124,712500,50,50,100
7125,712600,47,24,100
7126,712700,50,48,100
7127,712800,50,28,100
7128,712900,50,26,100
7129,713000,50,38,100
7130,713100,50,32,100
7131,713200,47,22,100
7132,713300,50,24,100
7133,713400,50,34,100
7134,713500,50,32,100
7135,713600,50,18,100
7136,713700,50,24,100
7137,713800,50,24,100
7138,713900,50,30,100
7139,714000,50,32,100
7140,714100,50,32,100
7141,714200,50,24,100
7142,714300,50,42,100
7143,714400,47,16,100
7144,714500,47,38,100
7145,714600,50,24,100
7146,714700,50,24,100
7147,714800,47,16,100
7148,714900,50,36,100
7149,715000,50,30,100
7150,715100,50,26,100
7151,715200,50,34,100
7152,715300,47,6,100
7153,715400,50,34,100
7154,715500,50,24,100
7155,715600,50,24,100
7156,715700,50,32,100
7157,715800,50,26,100
7158,715900,44,32,100
7159,716000,47,30,100
7160,716100,50,40,100
7161,716200,47,46,100
7162,716300,47,24,100
7163,716400,50,24,100
7164,716500,50,28,100
7165,716600,50,20,100
7166,716700,47,32,100
7167,716800,50,40,100
7168,716900,47,32,100
7169,717000,44,20,100
7170,717100,50,34,100
7171,717200,50,42,100
7172,717300,44,12,100
7173,717400,50,30,100
7174,717500,50,34,100
7175,717600,47,32,100
7176,717700,50,32,100
7177,717800,50,16,100
7178,717900,50,16,100
7179,718000,50,32,100
7180,718100,50,20,100
7181,718200,50,24,100
7182,718300,50,30,100
7183,718400,50,48,100
7184,718500,50,26,100
7185,718600,50,42,100
7186,718700,50,34,100
7187,718800,47,52,100
7188,718900,50,48,100
7189,719000,50,50,100
7190,719100,50,56,100
7191,719200,50,32,100
7192,719300,50,40,100
7193,719400,47,64,100
7194,719500,50,62,100
7195,719600,50,44,100
7196,719700,50,50,100
7197,719800,50,36,100
7198,719900,50,52,100
7199,720000,50,34,100
7200,720100,50,44,100
7201,720200,50,24,100
7202,720300,50,26,100
7203,720400,47,58,100
7204,720500,50,48,100
7205,720600,50,48,100
7206,720700,50,44,100
7207,720800,50,36,100
7208,720900,50,50,100
7209,721000,50,36,100
7210,721100,50,48,100
7211,721200,50,60,100
7212,721300,50,46,100
7213,721400,50,52,100
7214,721500,50,50,100
7215,721600,50,36,100
7216,721700,50,38,100
7217,721800,50,54,100
7218,721900,50,52,100
7219,722000,50,46,100
7220,722100,50,40,100
7221,722200,47,44,100
7222,722300,50,36,100
7223,722400,50,44,100
7224,722500,50,44,100
7225,722600,50,48,100
7226,722700,50,26,100
7227,722800,50,28,100
7228,722900,50,36,100
7229,723000,50,44,100
7230,723100,47,30,100
7231,723200,50,36,100
7232,723300,50,32,100
7233,723400,50,32,100
7234,723500,50,32,100
7235,723600,50,48,100
7236,723700,47,26,100
7237,723800,50,40,100
7238,723900,50,44,100
7239,724000,50,24,100
7240,724100,50,32,100
7241,724200,50,26,100
7242,724300,50,22,100
7243,724400,47,40,100
7244,724500,50,42,100
7245,724600,47,36,100
7246,724700,50,52,100
7247,724800,47,60,100
7248,724900,50,54,100
7249,725000,50,68,100
7250,725100,50,52,100
7251,725200,50,42,100
7252,725300,50,54,100
7253,725400,50,48,100
7254,725500,50,54,100
7255,725600,50,48,100
7256,725700,50,30,100
7257,725800,50,40,100
7258,725900,50,24,100
7259,726000,50,32,100
7260,726100,50,32,100
7261,726200,50,32,100
7262,726300,47,18,100
7263,726400,50,48,100
7264,726500,50,24,100
7265,726600,50,34,100
7266,726700,50,8,100
7267,726800,50,26,100
7268,726900,47,22,100
7269,727000,50,34,100
7270,727100,47,22,100
7271,727200,50,42,100
7272,727300,47,26,100
7273,727400,50,40,100
7274,727500,50,24,100
7275,727600,50,32,100
7276,727700,50,24,100
7277,727800,50,40,100
7278,727900,50,32,100
7279,728000,47,30,100
7280,728100,50,32,100
7281,728200,50,8,100
7282,728300,47,20,100
7283,728400,50,24,100
7284,728500,50,34,100
7285,728600,50,18,100
7286,728700,50,32,100
7287,728800,50,40,100
7288,728900,50,26,100
7289,729000,50,34,100
7290,729100,50,40,100
7291,729200,47,30,100
7292,729300,47,34,100
7293,729400,47,28,100
7294,729500,50,24,100
7295,729600,50,42,100
7296,729700,50,42,100
7297,729800,50,44,100
7298,729900,50,26,100
7299,730000,50,16,100
7300,730100,50,46,100
7301,730200,50,40,100
7302,730300,50,34,100
7303,730400,50,38,100
7304,730500,50,16,100
7305,730600,50,34,100
7306,730700,47,32,100
7307,730800,50,44,100
7308,730900,47,32,100
7309,731000,50,44,100
7310,731100,50,48,100
7311,731200,50,40,100
7312,731300,50,32,100
7313,731400,50,26,100
7314,731500,50,40,100
7315,731600,50,42,100
7316,731700,44,48,100
7317,731800,50,40,100
7318,731900,50,42,100
7319,732000,50,50,100
7320,732100,50,40,100
7321,732200,47,50,100
7322,732300,50,38,100
7323,732400,50,42,100
7324,732500,50,52,100
7325,732600,50,36,100
7326,732700,50,44,100
7327,732800,50,48,100
7328,732900,50,40,100
7329,733000,50,48,100
7330,733100,50,50,100
7331,733200,50,44,100
7332,733300,50,48,100
7333,733400,50,34,100
7334,733500,50,48,100
7335,733600,50,44,100
7336,733700,50,42,100
7337,733800,47,38,100
7338,733900,50,38,100
7339,734000,50,48,100
7340,734100,50,58,100
7341,734200,50,52,100
7342,734300,50,36,100
7343,734400,50,48,100
7344,734500,50,48,100
7345,734600,50,70,100
7346,734700,50,48,100
7347,734800,50,48,100
7348,734900,50,50,100
7349,735000,50,44,100
7350,735100,50,36,100
7351,735200,50,42,100
7352,735300,50,50,100
7353,735400,50,48,100
7354,735500,50,44,100
7355,735600,50,40,100
7356,735700,50,42,100
7357,735800,47,46,100
7358,735900,50,44,100
7359,736000,50,52,100
7360,736100,50,36,100
7361,736200,50,40,100
7362,736300,50,58,100
7363,736400,50,50,100
7364,736500,50,64,100
7365,736600,47,54,100
7366,736700,50,40,100
7367,736800,50,44,100
7368,736900,47,46,100
7369,737000,50,36,100
7370,737100,50,34,100
7371,737200,50,50,100
7372,737300,50,44,100
7373,737400,50,32,100
7374,737500,50,48,100
7375,737600,50,50,100
7376,737700,50,50,100
7377,737800,50,50,100
7378,737900,50,44,100
7379,738000,50,50,100
7380,738100,50,42,100
7381,738200,47,50,100
7382,738300,47,38,100
7383,738400,50,50,100
7384,738500,50,60,100
7385,738600,50,28,100
7386,738700,50,32,100
7387,738800,50,20,100
7388,738900,50,36,100
7389,739000,50,40,100
7390,739100,50,36,100
7391,739200,50,34,100
7392,739300,50,44,100
7393,739400,50,28,100
7394,739500,50,60,100
7395,739600,47,56,100
7396,739700,50,34,100
7397,739800,50,34,100
7398,739900,50,58,100
7399,740000,50,58,100
7400,740100,50,52,100
7401,740200,50,44,100
7402,740300,50,40,100
7403,740400,47,34,100
7404,740500,50,34,100
7405,740600,50,50,100
7406,740700,50,48,100
7407,740800,50,52,100
7408,740900,50,60,100
7409,741000,50,38,100
7410,741100,50,36,100
7411,741200,50,58,100
7412,741300,50,52,100
7413,741400,50,36,100
7414,741500,50,58,100
7415,741600,50,56,100
7416,741700,50,64,100
7417,741800,50,50,100
7418,741900,50,50,100
7419,742000,50,40,100
7420,742100,50,54,100
7421,742200,47,34,100
7422,742300,50,40,100
7423,742400,50,48,100
7424,742500,50,40,100
7425,742600,50,48,100
7426,742700,50,50,100
7427,742800,47,42,100
7428,742900,50,42,100
7429,743000,50,42,100
7430,743100,50,40,100
7431,743200,50,34,100
7432,743300,50,42,100
7433,743400,47,40,100
7434,743500,50,62,100
7435,743600,50,56,100
7436,743700,50,38,100
7437,743800,50,32,100
7438,743900,50,54,100
7439,744000,50,56,100
7440,744100,47,36,100
7441,744200,50,32,100
7442,744300,50,38,100
7443,744400,47,30,100
7444,744500,50,32,100
7445,744600,50,28,100
7446,744700,50,32,100
7447,744800,50,32,100
7448,744900,50,48,100
7449,745000,50,40,100
7450,745100,50,50,100
7451,745200,50,24,100
7452,745300,50,34,100
7453,745400,50,48,100
7454,745500,50,50,100
7455,745600,50,40,100
7456,745700,50,40,100
7457,745800,50,56,100
7458,745900,50,40,100
7459,746000,50,32,100
7460,746100,50,54,100
7461,746200,50,24,100
7462,746300,50,32,100
7463,746400,50,50,100
7464,746500,50,30,100
7465,746600,47,40,100
7466,746700,47,30,100
7467,746800,50,34,100
7468,746900,50,26,100
7469,747000,50,24,100
7470,747100,50,26,100
7471,747200,47,26,100
7472,747300,50,36,100
7473,747400,50,36,100
7474,747500,50,40,100
7475,747600,50,48,100
7476,747700,50,48,100
7477,747800,47,48,100
7478,747900,47,32,100
7479,748000,50,40,100
7480,748100,50,52,100
7481,748200,50,44,100
7482,748300,50,48,100
7483,748400,50,48,100
7484,748500,50,32,100
7485,748600,50,42,100
7486,748700,50,56,100
7487,748800,50,44,100
7488,748900,50,46,100
7489,749000,50,48,100
7490,749100,50,24,100
7491,749200,47,22,100
7492,749300,50,32,100
7493,749400,50,24,100
7494,749500,50,42,100
7495,749600,50,42,100
7496,749700,50,2,100
7497,749800,47,22,100
7498,749900,50,30,100
7499,750000,50,34,100
7500,750100,50,18,100
7501,750200,50,30,100
7502,750300,50,34,100
7503,750400,50,30,100
7504,750500,50,38,100
7505,750600,44,32,100
7506,750700,50,32,100
7507,750800,47,22,100
7508,750900,50,44,100
7509,751000,50,48,100
7510,751100,50,22,100
7511,751200,50,32,100
7512,751300,50,36,100
7513,751400,50,34,100
7514,751500,50,44,100
7515,751600,47,38,100
7516,751700,47,36,100
7517,751800,47,38,100
7518,751900,50,40,100
7519,752000,50,30,100
7520,752100,50,32,100
7521,752200,50,32,100
7522,752300,50,32,100
7523,752400,50,16,100
7524,752500,50,46,100
7525,752600,47,22,100
7526,752700,50,40,100
7527,752800,50,34,100
7528,752900,50,26,100
7529,753000,47,32,100
7530,753100,50,32,100
7531,753200,47,26,100
7532,753300,47,32,100
7533,753400,50,42,100
7534,753500,47,40,100
7535,753600,47,38,100
7536,753700,50,38,100
7537,753800,50,48,100
7538,753900,50,32,100
7539,754000,50,46,100
7540,754100,47,24,100
7541,754200,47,48,100
7542,754300,50,36,100
7543,754400,50,42,100
7544,754500,50,26,100
7545,754600,50,40,100
7546,754700,50,32,100
7547,754800,50,38,100
7548,754900,50,40,100
7549,755000,50,48,100
7550,755100,50,32,100
7551,755200,50,32,100
7552,755300,50,24,100
7553,755400,47,30,100
7554,755500,50,30,100
7555,755600,50,26,100
7556,755700,50,32,100
7557,755800,50,24,100
7558,755900,50,24,100
7559,756000,50,32,100
7560,756100,50,42,100
7561,756200,50,32,100
7562,756300,47,26,100
7563,756400,50,32,100
7564,756500,50,24,100
7565,756600,47,24,100
7566,756700,47,20,100
7567,756800,50,48,100
7568,756900,47,12,100
7569,757000,47,30,100
7570,757100,50,40,100
7571,757200,50,16,100
7572,757300,50,24,100
7573,757400,50,32,100
7574,757500,50,24,100
7575,757600,47,32,100
7576,757700,50,24,100
7577,757800,47,16,100
7578,757900,50,36,100
7579,758000,50,24,100
7580,758100,50,16,100
7581,758200,50,24,100
7582,758300,50,10,100
7583,758400,47,14,100
7584,758500,50,48,100
7585,758600,47,32,100
7586,758700,50,16,100
7587,758800,50,24,100
7588,758900,47,28,100
7589,759000,50,32,100
7590,759100,47,6,100
7591,759200,50,38,100
7592,759300,47,22,100
7593,759400,50,16,100
7594,759500,47,16,100
7595,759600,47,16,100
7596,759700,50,24,100
7597,759800,50,24,100
7598,759900,47,24,100
7599,760000,50,38,100
7600,760100,47,22,100
7601,760200,50,40,100
7602,760300,50,40,100
7603,760400,50,24,100
7604,760500,50,34,100
7605,760600,50,34,100
7606,760700,50,18,100
7607,760800,50,32,100
7608,760900,50,10,100
7609,761000,47,20,100
7610,761100,50,32,100
7611,761200,47,32,100
7612,761300,50,40,100
7613,761400,50,54,100
7614,761500,50,32,100
7615,761600,50,42,100
7616,761700,50,40,100
7617,761800,50,58,100
7618,761900,50,40,100
7619,762000,50,32,100
7620,762100,50,32,100
7621,762200,47,32,100
7622,762300,50,32,100
7623,762400,50,32,100
7624,762500,50,32,100
7625,762600,50,30,100
7626,762700,50,32,100
7627,762800,47,22,100
7628,762900,50,40,100
7629,763000,50,36,100
7630,763100,50,34,100
7631,763200,50,34,100
7632,763300,47,26,100
7633,763400,50,24,100
7634,763500,47,38,100
7635,763600,47,16,100
7636,763700,50,32,100
7637,763800,50,30,100
7638,763900,50,26,100
7639,764000,50,24,100
7640,764100,50,32,100
7641,764200,47,22,100
7642,764300,50,36,100
7643,764400,50,32,100
7644,764500,50,48,100
7645,764600,47,24,100
7646,764700,50,32,100
7647,764800,47,22,100
7648,764900,47,14,100
7649,765000,50,32,100
7650,765100,50,32,100
7651,765200,50,32,100
7652,765300,50,26,100
7653,765400,50,32,100
7654,765500,50,32,100
7655,765600,50,32,100
7656,765700,50,28,100
7657,765800,50,32,100
7658,765900,50,10,100
7659,766000,50,28,100
7660,766100,50,24,100
7661,766200,47,30,100
7662,766300,50,38,100
7663,766400,50,16,100
7664,766500,50,32,100
7665,766600,50,16,100
7666,766700,50,24,100
7667,766800,50,24,100
7668,766900,50,24,100
7669,767000,50,8,100
7670,767100,50,24,100
7671,767200,50,20,100
7672,767300,47,14,100
7673,767400,50,8,100
7674,767500,50,0,100
7675,767600,47,14,100
7676,767700,50,8,100
7677,767800,50,16,100
7678,767900,50,16,100
7679,768000,47,8,100
7680,768100,50,12,100
7681,768200,47,6,100
7682,768300,50,0,100
7683,768400,50,8,100
7684,768500,50,24,100
7685,768600,47,8,100
7686,768700,47,22,100
7687,768800,47,6,100
7688,768900,47,14,100
7689,769000,47,14,100
7690,769100,47,22,100
7691,769200,50,40,100
7692,769300,50,8,100
7693,769400,47,38,100
7694,769500,47,24,100
7695,769600,44,38,100
7696,769700,50,24,100
7697,769800,50,28,100
7698,769900,50,16,100
7699,770000,50,34,100
7700,770100,50,32,100
7701,770200,50,8,100
7702,770300,50,40,100
7703,770400,47,14,100
7704,770500,47,30,100
7705,770600,50,22,100
7706,770700,50,16,100
7707,770800,50,24,100
7708,770900,47,6,100
7709,771000,47,22,100
7710,771100,50,16,100
7711,771200,47,30,100
7712,771300,44,14,100
7713,771400,50,32,100
7714,771500,41,20,100
7715,771600,50,24,100
7716,771700,50,40,100
7717,771800,47,28,100
7718,771900,50,32,100
7719,772000,50,8,100
7720,772100,47,6,100
7721,772200,47,6,100
7722,772300,50,24,100
7723,772400,47,6,100
7724,772500,47,30,100
7725,772600,50,24,100
7726,772700,44,14,100
7727,772800,50,0,100
7728,772900,50,18,100
7729,773000,50,24,100
7730,773100,50,32,100
7731,773200,50,24,100
7732,773300,47,22,100
7733,773400,50,24,100
7734,773500,47,14,100
7735,773600,50,16,100
7736,773700,50,18,100
7737,773800,47,6,100
7738,773900,50,24,100
7739,774000,50,8,100
7740,774100,50,26,100
7741,774200,47,18,100
7742,774300,47,38,100
7743,774400,47,34,100
7744,774500,50,24,100
7745,774600,50,32,100
7746,774700,50,24,100
7747,774800,50,24,100
7748,774900,50,32,100
7749,775000,50,8,100
7750,775100,50,32,100
7751,775200,50,14,100
7752,775300,47,6,100
7753,775400,47,28,100
7754,775500,50,24,100
7755,775600,50,24,100
7756,775700,47,14,100
7757,775800,47,16,100
7758,775900,50,40,100
7759,776000,50,2,100
7760,776100,47,22,100
7761,776200,50,40,100
7762,776300,50,32,100
7763,776400,50,48,100
7764,776500,44,18,100
7765,776600,47,38,100
7766,776700,44,42,100
7767,776800,50,32,100
7768,776900,50,40,100
7769,777000,50,40,100
7770,777100,47,38,100
7771,777200,50,22,100
7772,777300,50,38,100
7773,777400,47,32,100
7774,777500,50,16,100
7775,777600,47,32,100
7776,777700,47,6,100
7777,777800,50,32,100
7778,777900,50,24,100
7779,778000,50,44,100
7780,778100,50,24,100
7781,778200,50,24,100
7782,778300,47,38,100
7783,778400,50,16,100
7784,778500,50,48,100
7785,778600,47,14,100
7786,778700,47,14,100
7787,778800,47,30,100
7788,778900,50,32,100
7789,779000,47,26,100
7790,779100,50,32,100
7791,779200,47,22,100
7792,779300,50,32,100
7793,779400,50,32,100
7794,779500,47,28,100
7795,779600,50,24,100
7796,779700,50,32,100
7797,779800,50,16,100
7798,779900,50,32,100
7799,780000,50,26,100
7800,780100,50,32,100
7801,780200,50,16,100
7802,780300,50,40,100
7803,780400,50,40,100
7804,780500,50,24,100
7805,780600,50,18,100
7806,780700,50,40,100
7807,780800,50,40,100
7808,780900,47,14,100
7809,781000,50,38,100
7810,781100,50,48,100
7811,781200,50,30,100
7812,781300,47,14,100
7813,781400,50,24,100
7814,781500,50,36,100
7815,781600,47,24,100
7816,781700,50,46,100
7817,781800,47,40,100
7818,781900,50,24,100
7819,782000,50,14,100
7820,782100,50,38,100
7821,782200,50,22,100
7822,782300,50,32,100
7823,782400,47,10,100
7824,782500,50,8,100
7825,782600,50,40,100
7826,782700,50,16,100
7827,782800,50,24,100
7828,782900,47,2,100
7829,783000,50,24,100
7830,783100,47,24,100
7831,783200,50,24,100
7832,783300,50,16,100
7833,783400,50,8,100
7834,783500,50,32,100
7835,783600,50,20,100
7836,783700,50,16,100
7837,783800,44,30,100
7838,783900,50,26,100
7839,784000,50,32,100
7840,784100,50,24,100
7841,784200,50,38,100
7842,784300,50,16,100
7843,784400,50,42,100
7844,784500,50,16,100
7845,784600,50,32,100
7846,784700,50,40,100
7847,784800,47,28,100
7848,784900,50,42,100
7849,785000,50,52,100
7850,785100,50,44,100
7851,785200,50,48,100
7852,785300,50,40,100
7853,785400,50,36,100
7854,785500,50,40,100
7855,785600,50,56,100
7856,785700,50,40,100
7857,785800,50,54,100
7858,785900,47,26,100
7859,786000,50,48,100
7860,786100,50,54,100
7861,786200,50,52,100
7862,786300,50,36,100
7863,786400,50,44,100
7864,786500,50,50,100
7865,786600,50,32,100
7866,786700,50,32,100
7867,786800,50,36,100
7868,786900,50,16,100
7869,787000,50,32,100
7870,787100,50,48,100
7871,787200,50,32,100
7872,787300,47,38,100
7873,787400,50,22,100
7874,787500,50,24,100
7875,787600,50,24,100
7876,787700,50,32,100
7877,787800,50,24,100
7878,787900,47,26,100
7879,788000,50,24,100
7880,788100,50,24,100
7881,788200,50,26,100
7882,788300,50,16,100
7883,788400,44,30,100
7884,788500,50,24,100
7885,788600,50,40,100
7886,788700,50,16,100
7887,788800,50,16,100
7888,788900,50,8,100
7889,789000,50,24,100
7890,789100,44,0,100
7891,789200,50,32,100
7892,789300,50,34,100
7893,789400,50,16,100
7894,789500,50,32,100
7895,789600,50,30,100
7896,789700,50,16,100
7897,789800,47,24,100
7898,789900,50,34,100
7899,790000,50,48,100
7900,790100,50,18,100
7901,790200,50,30,100
7902,790300,50,24,100
7903,790400,47,30,100
7904,790500,50,24,100
7905,790600,50,16,100
7906,790700,47,24,100
7907,790800,50,34,100
7908,790900,50,32,100
7909,791000,50,16,100
7910,791100,50,28,100
7911,791200,50,30,100
7912,791300,50,22,100
7913,791400,50,44,100
7914,791500,47,16,100
7915,791600,47,30,100
7916,791700,50,32,100
7917,791800,50,32,100
7918,791900,50,38,100
7919,792000,50,32,100
7920,792100,47,38,100
7921,792200,47,44,100
7922,792300,50,24,100
7923,792400,50,36,100
7924,792500,50,24,100
7925,792600,50,32,100
7926,792700,50,32,100
7927,792800,50,46,100
7928,792900,50,24,100
7929,793000,50,24,100
7930,793100,50,42,100
7931,793200,50,16,100
7932,793300,50,24,100
7933,793400,50,24,100
7934,793500,50,16,100
7935,793600,50,40,100
7936,793700,47,16,100
7937,793800,50,40,100
7938,793900,44,28,100
7939,794000,50,16,100
7940,794100,50,16,100
7941,794200,47,22,100
7942,794300,50,18,100
7943,794400,50,16,100
7944,794500,50,16,100
7945,794600,50,24,100
7946,794700,50,32,100
7947,794800,50,16,100
7948,794900,47,22,100
7949,795000,47,16,100
7950,795100,50,24,100
7951,795200,50,16,100
7952,795300,50,16,100
7953,795400,50,24,100
7954,795500,50,16,100
7955,795600,50,24,100
7956,795700,50,6,100
7957,795800,50,24,100
7958,795900,50,38,100
7959,796000,50,44,100
7960,796100,50,24,100
7961,796200,50,48,100
7962,796300,50,48,100
7963,796400,50,32,100
7964,796500,50,32,100
7965,796600,50,18,100
7966,796700,50,32,100
7967,796800,50,16,100
7968,796900,47,6,100
7969,797000,50,20,100
7970,797100,50,40,100
7971,797200,50,20,100
7972,797300,50,20,100
7973,797400,50,24,100
7974,797500,50,30,100
7975,797600,50,16,100
7976,797700,50,40,100
7977,797800,47,22,100
7978,797900,47,24,100
7979,798000,50,38,100
7980,798100,50,28,100
7981,798200,47,16,100
7982,798300,50,24,100
7983,798400,50,24,100
7984,798500,50,24,100
7985,798600,44,0,100
7986,798700,50,10,100
7987,798800,50,16,100
7988,798900,47,2,100
7989,799000,50,16,100
7990,799100,50,24,100
7991,799200,47,32,100
7992,799300,47,6,100
7993,799400,47,30,100
7994,799500,50,40,100
7995,799600,50,12,100
7996,799700,47,22,100
7997,799800,47,14,100
7998,799900,50,24,100
7999,800000,50,32,100
8000,800100,47,28,100
8001,800200,50,32,100
8002,800300,50,16,100
8003,800400,50,26,100
8004,800500,50,24,100
8005,800600,44,24,100
8006,800700,50,8,100
8007,800800,50,18,100
8008,800900,50,32,100
8009,801000,47,16,100
8010,801100,47,38,100
8011,801200,50,8,100
8012,801300,50,0,100
8013,801400,50,24,100
8014,801500,50,24,100
8015,801600,47,22,100
8016,801700,50,24,100
8017,801800,50,50,100
8018,801900,50,24,100
8019,802000,47,26,100
8020,802100,50,30,100
8021,802200,50,22,100
8022,802300,50,24,100
8023,802400,47,12,100
8024,802500,50,24,100
8025,802600,47,14,100
8026,802700,50,24,100
8027,802800,50,10,100
8028,802900,50,8,100
8029,803000,44,6,100
8030,803100,50,32,100
8031,803200,50,40,100
8032,803300,50,24,100
8033,803400,50,24,100
8034,803500,50,32,100
8035,803600,50,32,100
8036,803700,50,24,100
8037,803800,47,26,100
8038,803900,50,16,100
8039,804000,50,32,100
8040,804100,50,28,100
8041,804200,50,10,100
8042,804300,50,34,100
8043,804400,50,48,100
8044,804500,50,32,100
8045,804600,50,48,100
8046,804700,50,24,100
8047,804800,50,32,100
8048,804900,50,24,100
8049,805000,47,16,100
8050,805100,50,8,100
8051,805200,47,38,100
8052,805300,50,24,100
8053,805400,50,32,100
8054,805500,50,50,100
8055,805600,50,32,100
8056,805700,50,40,100
8057,805800,50,40,100
8058,805900,50,24,100
8059,806000,50,40,100
8060,806100,50,40,100
8061,806200,50,52,100
8062,806300,50,26,100
8063,806400,50,34,100
8064,806500,47,14,100
8065,806600,50,36,100
8066,806700,50,34,100
8067,806800,50,40,100
8068,806900,50,18,100
8069,807000,50,32,100
8070,807100,50,26,100
8071,807200,50,16,100
8072,807300,50,0,100
8073,807400,50,20,100
8074,807500,50,24,100
8075,807600,47,14,100
8076,807700,47,34,100
8077,807800,50,24,100
8078,807900,50,24,100
8079,808000,50,30,100
8080,808100,50,40,100
8081,808200,50,26,100
8082,808300,50,24,100
8083,808400,50,16,100
8084,808500,50,32,100
8085,808600,47,22,100
8086,808700,50,16,100
8087,808800,47,14,100
8088,808900,47,6,100
8089,809000,50,10,100
8090,809100,47,16,100
8091,809200,50,34,100
8092,809300,50,24,100
8093,809400,47,24,100
8094,809500,50,12,100
8095,809600,50,4,100
8096,809700,50,24,100
8097,809800,50,16,100
8098,809900,50,8,100
8099,810000,50,8,100
8100,810100,50,32,100
8101,810200,47,30,100
8102,810300,47,24,100
8103,810400,50,18,100
8104,810500,50,14,100
8105,810600,47,24,100
8106,810700,47,10,100
8107,810800,50,16,100
8108,810900,47,40,100
8109,811000,50,8,100
8110,811100,50,10,100
8111,811200,50,24,100
8112,811300,50,16,100
8113,811400,50,12,100
8114,811500,47,10,100
8115,811600,50,18,100
8116,811700,50,16,100
8117,811800,50,20,100
8118,811900,50,32,100
8119,812000,50,16,100
8120,812100,47,26,100
8121,812200,47,14,100
8122,812300,50,8,100
8123,812400,47,16,100
8124,812500,50,16,100
8125,812600,50,24,100
8126,812700,47,30,100
8127,812800,50,8,100
8128,812900,50,24,100
8129,813000,50,8,100
8130,813100,47,6,100
8131,813200,47,6,100
8132,813300,47,14,100
8133,813400,47,22,100
8134,813500,50,8,100
8135,813600,47,14,100
8136,813700,47,22,100
8137,813800,50,0,100
8138,813900,50,24,100
8139,814000,50,8,100
8140,814100,47,6,100
8141,814200,47,8,100
8142,814300,50,16,100
8143,814400,50,26,100
8144,814500,50,16,100
8145,814600,50,8,100
8146,814700,50,10,100
8147,814800,50,24,100
8148,814900,47,8,100
8149,815000,50,16,100
8150,815100,47,22,100
8151,815200,47,14,100
8152,815300,50,16,100
8153,815400,47,6,100
8154,815500,50,8,100
8155,815600,50,8,100
8156,815700,50,16,100
8157,815800,50,24,100
8158,815900,50,8,100
8159,816000,47,14,100
8160,816100,47,16,100
8161,816200,50,22,100
8162,816300,50,24,100
8163,816400,50,8,100
8164,816500,47,14,100
8165,816600,50,16,100
8166,816700,50,24,100
8167,816800,47,8,100
8168,816900,50,18,100
8169,817000,50,22,100
8170,817100,50,18,100
8171,817200,50,18,100
8172,817300,50,8,100
8173,817400,50,12,100
8174,817500,50,24,100
8175,817600,50,24,100
8176,817700,50,16,100
8177,817800,47,24,100
8178,817900,50,16,100
8179,818000,50,16,100
8180,818100,50,24,100
8181,818200,50,18,100
8182,818300,50,8,100
8183,818400,50,30,100
8184,818500,50,18,100
8185,818600,50,16,100
8186,818700,50,24,100
8187,818800,50,8,100
8188,818900,50,34,100
8189,819000,47,18,100
8190,819100,47,30,100
8191,819200,50,26,100
8192,819300,50,48,100
8193,819400,50,24,100
8194,819500,50,24,100
8195,819600,50,20,100
8196,819700,50,32,100
8197,819800,50,24,100
8198,819900,47,16,100
8199,820000,50,24,100
8200,820100,47,16,100
8201,820200,47,38,100
8202,820300,47,-2,100
8203,820400,50,16,100
8204,820500,50,22,100
8205,820600,50,0,100
8206,820700,50,18,100
8207,820800,50,16,100
8208,820900,47,6,100
8209,821000,47,22,100
8210,821100,50,26,100
8211,821200,50,32,100
8212,821300,47,6,100
8213,821400,50,24,100
8214,821500,44,6,100
8215,821600,47,22,100
8216,821700,50,16,100
8217,821800,50,8,100
8218,821900,50,8,100
8219,822000,50,30,100
8220,822100,50,34,100
8221,822200,50,16,100
8222,822300,50,16,100
8223,822400,50,38,100
8224,822500,44,12,100
8225,822600,50,16,100
8226,822700,50,32,100
8227,822800,50,8,100
8228,822900,50,24,100
8229,823000,50,8,100
8230,823100,50,24,100
8231,823200,50,16,100
8232,823300,50,18,100
8233,823400,47,24,100
8234,823500,47,22,100
8235,823600,50,24,100
8236,823700,47,14,100
8237,823800,50,24,100
8238,823900,47,22,100
8239,824000,50,8,100
8240,824100,47,14,100
8241,824200,50,16,100
8242,824300,50,24,100
8243,824400,50,40,100
8244,824500,50,24,100
8245,824600,50,10,100
8246,824700,50,34,100
8247,824800,47,6,100
8248,824900,47,14,100
8249,825000,50,16,100
8250,825100,50,26,100
8251,825200,50,24,100
8252,825300,50,16,100
8253,825400,50,10,100
8254,825500,50,14,100
8255,825600,47,6,100
8256,825700,50,16,100
8257,825800,47,14,100
8258,825900,50,24,100
8259,826000,47,0,100
8260,826100,50,16,100
8261,826200,47,26,100
8262,826300,50,16,100
8263,826400,47,6,100
8264,826500,50,18,100
8265,826600,50,24,100
8266,826700,50,16,100
8267,826800,47,6,100
8268,826900,50,16,100
8269,827000,50,18,100
8270,827100,47,22,100
8271,827200,50,16,100
8272,827300,47,8,100
8273,827400,50,24,100
8274,827500,50,12,100
8275,827600,47,22,100
8276,827700,50,16,100
8277,827800,50,16,100
8278,827900,50,10,100
8279,828000,50,16,100
8280,828100,50,18,100
8281,828200,50,24,100
8282,828300,47,24,100
8283,828400,50,18,100
8284,828500,50,10,100
8285,828600,50,16,100
8286,828700,50,8,100
8287,828800,50,4,100
8288,828900,50,24,100
8289,829000,50,8,100
8290,829100,50,16,100
8291,829200,50,8,100
8292,829300,50,8,100
8293,829400,47,24,100
8294,829500,50,0,100
8295,829600,50,26,100
8296,829700,50,0,100
8297,829800,44,14,100
8298,829900,47,6,100
8299,830000,47,8,100
8300,830100,44,-4,100
8301,830200,50,12,100
8302,830300,50,24,100
8303,830400,50,2,100
8304,830500,47,14,100
8305,830600,50,8,100
8306,830700,47,14,100
8307,830800,47,14,100
8308,830900,47,14,100
8309,831000,47,30,100
8310,831100,47,14,100
8311,831200,47,22,100
8312,831300,50,6,100
8313,831400,47,10,100
8314,831500,50,8,100
8315,831600,50,10,100
8316,831700,50,32,100
8317,831800,50,24,100
8318,831900,50,24,100
8319,832000,50,22,100
8320,832100,50,24,100
8321,832200,50,40,100
8322,832300,47,6,100
8323,832400,50,36,100
8324,832500,50,18,100
8325,832600,50,32,100
8326,832700,44,6,100
8327,832800,50,10,100
8328,832900,47,14,100
8329,833000,50,24,100
8330,833100,50,32,100
8331,833200,50,22,100
8332,833300,50,46,100
8333,833400,50,32,100
8334,833500,50,32,100
8335,833600,47,24,100
8336,833700,50,16,100
8337,833800,50,42,100
8338,833900,50,24,100
8339,834000,50,16,100
8340,834100,50,16,100
8341,834200,50,38,100
8342,834300,50,26,100
8343,834400,50,40,100
8344,834500,50,16,100
8345,834600,50,16,100
8346,834700,50,40,100
8347,834800,47,40,100
8348,834900,50,30,100
8349,835000,50,26,100
8350,835100,50,56,100
8351,835200,50,32,100
8352,835300,47,36,100
8353,835400,50,38,100
8354,835500,50,48,100
8355,835600,50,42,100
8356,835700,50,32,100
8357,835800,50,40,100
8358,835900,50,40,100
8359,836000,50,48,100
8360,836100,50,32,100
8361,836200,50,40,100
8362,836300,47,26,100
8363,836400,50,48,100
8364,836500,50,46,100
8365,836600,50,46,100
8366,836700,50,52,100
8367,836800,50,38,100
8368,836900,50,46,100
8369,837000,50,34,100
8370,837100,50,38,100
8371,837200,50,40,100
8372,837300,50,40,100
8373,837400,50,30,100
8374,837500,50,32,100
8375,837600,50,42,100
8376,837700,50,34,100
8377,837800,47,54,100
8378,837900,50,48,100
8379,838000,50,52,100
8380,838100,50,34,100
8381,838200,50,24,100
8382,838300,50,24,100
8383,838400,50,48,100
8384,838500,47,44,100
8385,838600,50,36,100
8386,838700,50,42,100
8387,838800,50,54,100
8388,838900,50,42,100
8389,839000,47,46,100
8390,839100,50,16,100
8391,839200,50,34,100
8392,839300,50,26,100
8393,839400,50,40,100
8394,839500,50,48,100
8395,839600,50,42,100
8396,839700,50,38,100
8397,839800,50,32,100
8398,839900,50,8,100
8399,840000,50,32,100
8400,840100,50,24,100
8401,840200,50,16,100
8402,840300,50,32,100
8403,840400,50,24,100
8404,840500,50,16,100
8405,840600,47,8,100
8406,840700,50,22,100
8407,840800,47,38,100
8408,840900,50,38,100
8409,841000,50,30,100
8410,841100,50,32,100
8411,841200,50,16,100
8412,841300,47,10,100
8413,841400,50,16,100
8414,841500,50,38,100
8415,841600,50,32,100
8416,841700,50,24,100
8417,841800,47,48,100
8418,841900,50,32,100
8419,842000,50,24,100
8420,842100,50,40,100
8421,842200,50,24,100
8422,842300,50,16,100
8423,842400,50,16,100
8424,842500,50,16,100
8425,842600,50,32,100
8426,842700,44,6,100
8427,842800,50,18,100
8428,842900,50,16,100
8429,843000,50,32,100
8430,843100,50,32,100
8431,843200,50,42,100
8432,843300,50,38,100
8433,843400,47,8,100
8434,843500,50,12,100
8435,843600,50,18,100
8436,843700,50,48,100
8437,843800,50,24,100
8438,843900,50,48,100
8439,844000,47,40,100
8440,844100,50,48,100
8441,844200,50,16,100
8442,844300,50,48,100
8443,844400,50,20,100
8444,844500,50,16,100
8445,844600,50,42,100
8446,844700,47,22,100
8447,844800,50,24,100
8448,844900,50,24,100
8449,845000,47,30,100
8450,845100,50,34,100
8451,845200,50,28,100
8452,845300,50,32,100
8453,845400,50,14,100
8454,845500,50,40,100
8455,845600,50,16,100
8456,845700,50,44,100
8457,845800,50,44,100
8458,845900,50,32,100
8459,846000,50,40,100
8460,846100,50,26,100
8461,846200,50,34,100
8462,846300,50,40,100
8463,846400,50,56,100
8464,846500,50,40,100
8465,846600,50,40,100
8466,846700,50,54,100
8467,846800,50,42,100
8468,846900,50,42,100
8469,847000,47,52,100
8470,847100,50,34,100
8471,847200,50,62,100
8472,847300,50,32,100
8473,847400,47,38,100
8474,847500,50,42,100
8475,847600,50,54,100
8476,847700,50,46,100
8477,847800,50,34,100
8478,847900,50,16,100
8479,848000,50,38,100
8480,848100,50,36,100
8481,848200,50,48,100
8482,848300,50,40,100
8483,848400,50,24,100
8484,848500,50,32,100
8485,848600,50,48,100
8486,848700,47,40,100
8487,848800,50,26,100
8488,848900,50,8,100
8489,849000,50,32,100
8490,849100,50,46,100
8491,849200,50,32,100
8492,849300,47,40,100
8493,849400,50,24,100
8494,849500,50,22,100
8495,849600,50,42,100
8496,849700,50,32,100
8497,849800,50,22,100
8498,849900,50,48,100
8499,850000,47,38,100
8500,850100,50,32,100
8501,850200,50,48,100
8502,850300,50,42,100
8503,850400,50,24,100
8504,850500,50,28,100
8505,850600,50,26,100
8506,850700,50,30,100
8507,850800,50,24,100
8508,850900,50,30,100
8509,851000,50,32,100
8510,851100,50,16,100
8511,851200,50,30,100
8512,851300,50,32,100
8513,851400,50,32,100
8514,851500,47,38,100
8515,851600,47,36,100
8516,851700,50,40,100
8517,851800,50,16,100
8518,851900,50,20,100
8519,852000,50,30,100
8520,852100,50,16,100
8521,852200,50,32,100
8522,852300,50,24,100
8523,852400,50,40,100
8524,852500,50,16,100
8525,852600,50,32,100
8526,852700,50,8,100
8527,852800,50,24,100
8528,852900,47,10,100
8529,853000,50,26,100
8530,853100,47,30,100
8531,853200,50,32,100
8532,853300,47,38,100
8533,853400,47,22,100
8534,853500,50,24,100
8535,853600,50,0,100
8536,853700,47,0,100
8537,853800,50,32,100
8538,853900,50,24,100
8539,854000,50,32,100
8540,854100,50,24,100
8541,854200,47,6,100
8542,854300,50,16,100
8543,854400,50,8,100
8544,854500,50,24,100
8545,854600,50,34,100
8546,854700,47,32,100
8547,854800,50,8,100
8548,854900,47,6,100
8549,855000,50,8,100
8550,855100,50,24,100
8551,855200,47,16,100
8552,855300,50,30,100
8553,855400,47,24,100
8554,855500,50,22,100
8555,855600,47,32,100
8556,855700,50,16,100
8557,855800,50,24,100
8558,855900,50,24,100
8559,856000,50,32,100
8560,856100,50,28,100
8561,856200,50,38,100
8562,856300,50,20,100
8563,856400,50,32,100
8564,856500,50,24,100
8565,856600,47,46,100
8566,856700,47,46,100
8567,856800,50,52,100
8568,856900,50,42,100
8569,857000,50,40,100
8570,857100,50,10,100
8571,857200,50,16,100
8572,857300,50,28,100
8573,857400,47,30,100
8574,857500,50,40,100
8575,857600,50,16,100
8576,857700,47,22,100
8577,857800,50,16,100
8578,857900,47,32,100
8579,858000,47,36,100
8580,858100,47,22,100
8581,858200,47,0,100
8582,858300,47,22,100
8583,858400,50,8,100
8584,858500,50,24,100
8585,858600,50,28,100
8586,858700,50,24,100
8587,858800,50,48,100
8588,858900,47,22,100
8589,859000,50,24,100
8590,859100,50,16,100
8591,859200,47,24,100
8592,859300,50,16,100
8593,859400,50,20,100
8594,859500,47,-2,100
8595,859600,50,12,100
8596,859700,50,26,100
8597,859800,47,22,100
8598,859900,50,34,100
8599,860000,50,32,100
8600,860100,47,24,100
8601,860200,50,16,100
8602,860300,50,0,100
8603,860400,50,24,100
8604,860500,50,32,100
8605,860600,47,14,100
8606,860700,50,32,100
8607,860800,50,24,100
8608,860900,47,24,100
8609,861000,50,24,100
8610,861100,50,18,100
8611,861200,44,6,100
8612,861300,50,8,100
8613,861400,50,18,100
8614,861500,47,22,100
8615,861600,50,16,100
8616,861700,50,24,100
8617,861800,50,8,100
8618,861900,47,6,100
8619,862000,47,14,100
8620,862100,47,22,100
8621,862200,50,16,100
8622,862300,50,16,100
8623,862400,50,16,100
8624,862500,50,16,100
8625,862600,50,32,100
8626,862700,50,24,100
8627,862800,47,6,100
8628,862900,50,24,100
8629,863000,50,30,100
8630,863100,47,22,100
8631,863200,50,16,100
8632,863300,50,24,100
8633,863400,50,24,100
8634,863500,47,38,100
8635,863600,50,32,100
8636,863700,50,28,100
8637,863800,50,16,100
8638,863900,50,32,100
8639,864000,50,16,100
8640,864100,50,28,100
8641,864200,50,44,100
8642,864300,47,22,100
8643,864400,50,26,100
8644,864500,50,16,100
8645,864600,50,32,100
8646,864700,47,14,100
8647,864800,47,18,100
8648,864900,50,26,100
8649,865000,50,32,100
8650,865100,47,12,100
8651,865200,50,32,100
8652,865300,50,8,100
8653,865400,50,8,100
8654,865500,47,22,100
8655,865600,50,16,100
8656,865700,50,8,100
8657,865800,50,24,100
8658,865900,50,24,100
8659,866000,50,16,100
8660,866100,50,24,100
8661,866200,50,24,100
8662,866300,50,24,100
8663,866400,47,14,100
8664,866500,50,16,100
8665,866600,50,16,100
8666,866700,50,8,100
8667,866800,50,0,100
8668,866900,50,32,100
8669,867000,50,30,100
8670,867100,50,24,100
8671,867200,47,-2,100
8672,867300,50,16,100
8673,867400,47,14,100
8674,867500,50,26,100
8675,867600,50,0,100
8676,867700,47,-2,100
8677,867800,50,10,100
8678,867900,50,32,100
8679,868000,50,16,100
8680,868100,50,22,100
8681,868200,50,0,100
8682,868300,50,30,100
8683,868400,50,16,100
8684,868500,50,24,100
8685,868600,50,24,100
8686,868700,50,24,100
8687,868800,50,18,100
8688,868900,50,2,100
8689,869000,50,24,100
8690,869100,47,14,100
8691,869200,50,24,100
8692,869300,50,16,100
8693,869400,47,16,100
8694,869500,50,10,100
8695,869600,50,32,100
8696,869700,50,20,100
8697,869800,50,16,100
8698,869900,50,18,100
8699,870000,50,16,100
8700,870100,50,24,100
8701,870200,50,28,100
8702,870300,50,40,100
8703,870400,50,24,100
8704,870500,47,30,100
8705,870600,50,8,100
8706,870700,47,6,100
8707,870800,50,32,100
8708,870900,50,32,100
8709,871000,50,24,100
8710,871100,50,24,100
8711,871200,50,16,100
8712,871300,50,16,100
8713,871400,47,22,100
8714,871500,50,16,100
8715,871600,50,16,100
8716,871700,50,18,100
8717,871800,47,22,100
8718,871900,50,16,100
8719,872000,47,6,100
8720,872100,50,32,100
8721,872200,50,16,100
8722,872300,50,32,100
8723,872400,47,22,100
8724,872500,50,32,100
8725,872600,50,8,100
8726,872700,47,14,100
8727,872800,50,24,100
8728,872900,50,16,100
8729,873000,50,24,100
8730,873100,50,16,100
8731,873200,50,32,100
8732,873300,50,32,100
8733,873400,47,20,100
8734,873500,50,16,100
8735,873600,50,18,100
8736,873700,50,22,100
8737,873800,50,32,100
8738,873900,50,24,100
8739,874000,50,24,100
8740,874100,50,40,100
8741,874200,50,24,100
8742,874300,50,8,100
8743,874400,50,32,100
8744,874500,50,8,100
8745,874600,50,16,100
8746,874700,50,22,100
8747,874800,50,24,100
8748,874900,47,10,100
8749,875000,50,8,100
8750,875100,50,8,100
8751,875200,50,0,100
8752,875300,47,38,100
8753,875400,47,8,100
8754,875500,50,32,100
8755,875600,50,32,100
8756,875700,50,24,100
8757,875800,47,14,100
8758,875900,50,38,100
8759,876000,50,16,100
8760,876100,50,40,100
8761,876200,50,0,100
8762,876300,50,32,100
8763,876400,47,22,100
8764,876500,47,24,100
8765,876600,50,22,100
8766,876700,50,32,100
8767,876800,50,26,100
8768,876900,44,6,100
8769,877000,50,30,100
8770,877100,50,26,100
8771,877200,50,48,100
8772,877300,50,40,100
8773,877400,50,24,100
8774,877500,47,22,100
8775,877600,50,24,100
8776,877700,50,16,100
8777,877800,47,6,100
8778,877900,50,0,100
8779,878000,50,32,100
8780,878100,50,30,100
8781,878200,50,8,100
8782,878300,50,16,100
8783,878400,47,30,100
8784,878500,50,24,100
8785,878600,47,6,100
8786,878700,50,24,100
8787,878800,50,16,100
8788,878900,50,40,100
8789,879000,47,34,100
8790,879100,47,38,100
8791,879200,50,16,100
8792,879300,50,24,100
8793,879400,50,8,100
8794,879500,50,20,100
8795,879600,50,16,100
8796,879700,50,28,100
8797,879800,47,28,100
8798,879900,47,28,100
8799,880000,50,16,100
8800,880100,50,18,100
8801,880200,50,22,100
8802,880300,50,32,100
8803,880400,50,16,100
8804,880500,50,16,100
8805,880600,50,8,100
8806,880700,50,24,100
8807,880800,50,24,100
8808,880900,50,16,100
8809,881000,50,16,100
8810,881100,50,28,100
8811,881200,50,32,100
8812,881300,50,24,100
8813,881400,44,18,100
8814,881500,47,6,100
8815,881600,50,34,100
8816,881700,50,16,100
8817,881800,47,24,100
8818,881900,47,40,100
8819,882000,47,24,100
8820,882100,50,8,100
8821,882200,47,30,100
8822,882300,50,34,100
8823,882400,47,22,100
8824,882500,50,22,100
8825,882600,47,8,100
8826,882700,50,38,100
8827,882800,50,18,100
8828,882900,50,16,100
8829,883000,50,32,100
8830,883100,50,16,100
8831,883200,47,6,100
8832,883300,50,16,100
8833,883400,50,8,100
8834,883500,50,28,100
8835,883600,47,16,100
8836,883700,50,24,100
8837,883800,50,0,100
8838,883900,50,16,100
8839,884000,50,16,100
8840,884100,50,8,100
8841,884200,50,24,100
8842,884300,47,14,100
8843,884400,47,30,100
8844,884500,50,24,100
8845,884600,50,24,100
8846,884700,50,32,100
8847,884800,50,38,100
8848,884900,50,32,100
8849,885000,50,16,100
8850,885100,50,30,100
8851,885200,47,20,100
8852,885300,50,16,100
8853,885400,50,40,100
8854,885500,50,16,100
8855,885600,50,16,100
8856,885700,50,24,100
8857,885800,50,48,100
8858,885900,47,22,100
8859,886000,50,20,100
8860,886100,50,34,100
8861,886200,50,10,100
8862,886300,50,16,100
8863,886400,50,24,100
8864,886500,50,32,100
8865,886600,47,22,100
8866,886700,50,24,100
8867,886800,47,14,100
8868,886900,50,32,100
8869,887000,50,24,100
8870,887100,50,24,100
8871,887200,50,8,100
8872,887300,50,26,100
8873,887400,47,0,100
8874,887500,50,8,100
8875,887600,50,24,100
8876,887700,50,16,100
8877,887800,50,16,100
8878,887900,47,6,100
8879,888000,50,24,100
8880,888100,50,16,100
8881,888200,50,22,100
8882,888300,50,8,100
8883,888400,50,16,100
8884,888500,47,22,100
8885,888600,50,8,100
8886,888700,50,8,100
8887,888800,50,8,100
8888,888900,47,14,100
8889,889000,50,32,100
8890,889100,47,14,100
8891,889200,50,32,100
8892,889300,50,14,100
8893,889400,47,30,100
8894,889500,50,26,100
8895,889600,50,24,100
8896,889700,50,24,100
8897,889800,50,8,100
8898,889900,47,14,100
8899,890000,50,8,100
8900,890100,47,14,100
8901,890200,50,24,100
8902,890300,50,26,100
8903,890400,50,24,100
8904,890500,50,8,100
8905,890600,50,16,100
8906,890700,50,16,100
8907,890800,47,14,100
8908,890900,47,-2,100
8909,891000,50,22,100
8910,891100,50,16,100
8911,891200,50,8,100
8912,891300,47,24,100
8913,891400,50,16,100
8914,891500,50,16,100
8915,891600,47,10,100
8916,891700,50,28,100
8917,891800,50,24,100
8918,891900,50,16,100
8919,892000,50,24,100
8920,892100,50,32,100
8921,892200,47,14,100
8922,892300,50,24,100
8923,892400,47,14,100
8924,892500,50,24,100
8925,892600,50,0,100
8926,892700,50,24,100
8927,892800,50,18,100
8928,892900,50,24,100
8929,893000,47,6,100
8930,893100,50,30,100
8931,893200,47,30,100
8932,893300,50,16,100
8933,893400,44,20,100
8934,893500,50,16,100
8935,893600,50,24,100
8936,893700,50,8,100
8937,893800,50,16,100
8938,893900,50,30,100
8939,894000,50,16,100
8940,894100,50,24,100
8941,894200,50,16,100
8942,894300,50,36,100
8943,894400,50,10,100
8944,894500,50,32,100
8945,894600,50,18,100
8946,894700,50,24,100
8947,894800,47,14,100
8948,894900,47,14,100
8949,895000,50,0,100
8950,895100,50,24,100
8951,895200,47,6,100
8952,895300,50,16,100
8953,895400,50,22,100
8954,895500,50,28,100
8955,895600,50,2,100
8956,895700,50,24,100
8957,895800,50,24,100
8958,895900,47,14,100
8959,896000,47,22,100
8960,896100,50,8,100
8961,896200,50,16,100
8962,896300,50,16,100
8963,896400,50,24,100
8964,896500,47,14,100
8965,896600,47,16,100
8966,896700,50,20,100
8967,896800,50,8,100
8968,896900,50,8,100
8969,897000,47,6,100
8970,897100,50,16,100
8971,897200,50,12,100
8972,897300,50,42,100
8973,897400,47,8,100
8974,897500,50,24,100
8975,897600,50,16,100
8976,897700,50,22,100
8977,897800,50,24,100
8978,897900,50,16,100
8979,898000,50,24,100
8980,898100,47,10,100
8981,898200,50,40,100
8982,898300,47,14,100
8983,898400,50,24,100
8984,898500,50,40,100
8985,898600,50,24,100
8986,898700,50,8,100
8987,898800,50,24,100
8988,898900,50,8,100
8989,899000,50,32,100
8990,899100,47,20,100
8991,899200,50,32,100
8992,899300,47,48,100
8993,899400,50,24,100
8994,899500,50,16,100
8995,899600,50,22,100
8996,899700,50,16,100
8997,899800,47,0,100
8998,899900,47,32,100
8999,900000,50,32,100
9000,900100,47,6,100
9001,900200,50,24,100
9002,900300,50,8,100
9003,900400,50,24,100
9004,900500,50,24,100
9005,900600,47,6,100
9006,900700,50,10,100
9007,900800,50,32,100
9008,900900,50,16,100
9009,901000,50,24,100
9010,901100,50,8,100
9011,901200,47,6,100
9012,901300,50,16,100
9013,901400,47,8,100
9014,901500,50,24,100
9015,901600,47,30,100
9016,901700,50,18,100
9017,901800,50,16,100
9018,901900,50,16,100
9019,902000,47,14,100
9020,902100,47,22,100
9021,902200,47,-2,100
9022,902300,50,28,100
9023,902400,47,22,100
9024,902500,50,16,100
9025,902600,50,32,100
9026,902700,50,16,100
9027,902800,44,-4,100
9028,902900,50,8,100
9029,903000,47,30,100
9030,903100,50,32,100
9031,903200,50,16,100
9032,903300,50,16,100
9033,903400,47,14,100
9034,903500,50,20,100
9035,903600,50,16,100
9036,903700,47,38,100
9037,903800,50,0,100
9038,903900,50,32,100
9039,904000,50,16,100
9040,904100,50,14,100
9041,904200,50,8,100
9042,904300,47,22,100
9043,904400,50,16,100
9044,904500,50,34,100
9045,904600,50,16,100
9046,904700,50,16,100
9047,904800,50,8,100
9048,904900,50,16,100
9049,905000,50,8,100
9050,905100,50,8,100
9051,905200,50,24,100
9052,905300,50,8,100
9053,905400,50,24,100
9054,905500,47,20,100
9055,905600,50,16,100
9056,905700,50,10,100
9057,905800,47,22,100
9058,905900,50,8,100
9059,906000,47,22,100
9060,906100,47,8,100
9061,906200,47,8,100
9062,906300,50,8,100
9063,906400,50,16,100
9064,906500,50,8,100
9065,906600,50,12,100
9066,906700,50,24,100
9067,906800,50,32,100
9068,906900,50,16,100
9069,907000,47,6,100
9070,907100,50,38,100
9071,907200,50,0,100
9072,907300,50,16,100
9073,907400,50,16,100
9074,907500,50,32,100
9075,907600,50,16,100
9076,907700,50,16,100
9077,907800,47,-2,100
9078,907900,50,22,100
9079,908000,50,32,100
9080,908100,50,24,100
9081,908200,50,24,100
9082,908300,47,6,100
9083,908400,50,16,100
9084,908500,50,16,100
9085,908600,47,8,100
9086,908700,50,24,100
9087,908800,50,16,100
9088,908900,50,32,100
9089,909000,50,24,100
9090,909100,50,16,100
9091,909200,50,24,100
9092,909300,50,16,100
9093,909400,50,8,100
9094,909500,50,2,100
9095,909600,50,16,100
9096,909700,50,24,100
9097,909800,50,16,100
9098,909900,44,6,100
9099,910000,50,8,100
9100,910100,50,8,100
9101,910200,50,16,100
9102,910300,50,8,100
9103,910400,50,16,100
9104,910500,50,8,100
9105,910600,50,32,100
9106,910700,47,22,100
9107,910800,50,16,100
9108,910900,47,22,100
9109,911000,50,22,100
9110,911100,50,24,100
9111,911200,50,8,100
9112,911300,47,6,100
9113,911400,50,16,100
9114,911500,50,16,100
9115,911600,50,22,100
9116,911700,47,6,100
9117,911800,47,30,100
9118,911900,47,6,100
9119,912000,47,26,100
9120,912100,50,28,100
9121,912200,50,8,100
9122,912300,50,24,100
9123,912400,50,32,100
9124,912500,50,16,100
9125,912600,50,24,100
9126,912700,50,16,100
9127,912800,47,6,100
9128,912900,47,24,100
9129,913000,50,24,100
9130,913100,50,24,100
9131,913200,50,16,100
9132,913300,44,24,100
9133,913400,50,16,100
9134,913500,50,32,100
9135,913600,50,24,100
9136,913700,50,24,100
9137,913800,50,16,100
9138,913900,50,16,100
9139,914000,50,38,100
9140,914100,50,16,100
9141,914200,50,24,100
9142,914300,50,8,100
9143,914400,50,24,100
9144,914500,50,32,100
9145,914600,50,0,100
9146,914700,50,8,100
9147,914800,50,12,100
9148,914900,47,22,100
9149,915000,50,40,100
9150,915100,47,14,100
9151,915200,47,14,100
9152,915300,44,20,100
9153,915400,47,38,100
9154,915500,50,22,100
9155,915600,50,14,100
9156,915700,47,26,100
9157,915800,50,16,100
9158,915900,50,24,100
9159,916000,47,22,100
9160,916100,47,30,100
9161,916200,50,16,100
9162,916300,47,30,100
9163,916400,50,8,100
9164,916500,47,14,100
9165,916600,50,24,100
9166,916700,50,16,100
9167,916800,47,14,100
9168,916900,50,40,100
9169,917000,47,14,100
9170,917100,50,8,100
9171,917200,50,8,100
9172,917300,50,16,100
9173,917400,47,14,100
9174,917500,47,36,100
9175,917600,50,8,100
9176,917700,50,32,100
9177,917800,50,12,100
9178,917900,50,18,100
9179,918000,50,12,100
9180,918100,50,24,100
9181,918200,50,32,100
9182,918300,47,16,100
9183,918400,50,12,100
9184,918500,50,24,100
9185,918600,50,40,100
9186,918700,50,16,100
9187,918800,50,16,100
9188,918900,47,26,100
9189,919000,50,24,100
9190,919100,47,20,100
9191,919200,47,-2,100
9192,919300,50,24,100
9193,919400,50,8,100
9194,919500,50,18,100
9195,919600,50,10,100
9196,919700,50,24,100
9197,919800,47,-2,100
9198,919900,50,16,100
9199,920000,50,16,100
9200,920100,50,30,100
9201,920200,47,24,100
9202,920300,50,26,100
9203,920400,44,12,100
9204,920500,50,20,100
9205,920600,50,16,100
9206,920700,50,24,100
9207,920800,50,32,100
9208,920900,50,0,100
9209,921000,47,36,100
9210,921100,50,16,100
9211,921200,47,6,100
9212,921300,50,32,100
9213,921400,50,8,100
9214,921500,50,22,100
9215,921600,47,20,100
9216,921700,50,16,100
9217,921800,50,0,100
9218,921900,50,16,100
9219,922000,50,24,100
9220,922100,50,32,100
9221,922200,50,12,100
9222,922300,50,18,100
9223,922400,50,24,100
9224,922500,50,10,100
9225,922600,47,14,100
9226,922700,50,24,100
9227,922800,50,16,100
9228,922900,50,18,100
9229,923000,50,8,100
9230,923100,50,16,100
9231,923200,50,24,100
9232,923300,47,6,100
9233,923400,47,16,100
9234,923500,50,26,100
9235,923600,50,22,100
9236,923700,47,6,100
9237,923800,50,16,100
9238,923900,50,8,100
9239,924000,50,16,100
9240,924100,47,36,100
9241,924200,47,14,100
9242,924300,47,30,100
9243,924400,50,8,100
9244,924500,50,18,100
9245,924600,50,32,100
9246,924700,50,8,100
9247,924800,50,40,100
9248,924900,50,16,100
9249,925000,50,24,100
9250,925100,47,14,100
9251,925200,50,24,100
9252,925300,50,0,100
9253,925400,50,24,100
9254,925500,50,16,100
9255,925600,50,20,100
9256,925700,47,22,100
9257,925800,50,20,100
9258,925900,50,8,100
9259,926000,50,16,100
9260,926100,50,8,100
9261,926200,50,32,100
9262,926300,50,24,100
9263,926400,50,6,100
9264,926500,50,0,100
9265,926600,50,24,100
9266,926700,50,24,100
9267,926800,50,8,100
9268,926900,50,0,100
9269,927000,50,32,100
9270,927100,50,20,100
9271,927200,50,24,100
9272,927300,50,16,100
9273,927400,50,8,100
9274,927500,50,8,100
9275,927600,47,14,100
9276,927700,44,18,100
9277,927800,50,24,100
9278,927900,50,16,100
9279,928000,50,16,100
9280,928100,50,8,100
9281,928200,50,16,100
9282,928300,50,16,100
9283,928400,47,18,100
9284,928500,47,14,100
9285,928600,50,24,100
9286,928700,50,16,100
9287,928800,47,22,100
9288,928900,50,16,100
9289,929000,50,8,100
9290,929100,50,24,100
9291,929200,47,30,100
9292,929300,50,16,100
9293,929400,50,16,100
9294,929500,50,16,100
9295,929600,50,24,100
9296,929700,50,8,100
9297,929800,50,8,100
9298,929900,50,38,100
9299,930000,47,30,100
9300,930100,50,8,100
9301,930200,50,8,100
9302,930300,47,14,100
9303,930400,50,38,100
9304,930500,50,16,100
9305,930600,47,30,100
9306,930700,50,8,100
9307,930800,50,0,100
9308,930900,50,24,100
9309,931000,50,24,100
9310,931100,47,16,100
9311,931200,50,32,100
9312,931300,50,28,100
9313,931400,50,8,100
9314,931500,47,30,100
9315,931600,47,6,100
9316,931700,50,16,100
9317,931800,47,-2,100
9318,931900,50,16,100
9319,932000,50,24,100
9320,932100,50,16,100
9321,932200,50,16,100
9322,932300,50,8,100
9323,932400,50,16,100
9324,932500,50,16,100
9325,932600,50,24,100
9326,932700,50,0,100
9327,932800,50,14,100
9328,932900,50,8,100
9329,933000,50,24,100
9330,933100,44,18,100
9331,933200,50,22,100
9332,933300,50,12,100
9333,933400,50,24,100
9334,933500,50,0,100
9335,933600,50,24,100
9336,933700,50,8,100
9337,933800,50,30,100
9338,933900,50,8,100
9339,934000,50,16,100
9340,934100,50,8,100
9341,934200,50,8,100
9342,934300,47,-2,100
9343,934400,50,16,100
9344,934500,47,14,100
9345,934600,47,8,100
9346,934700,50,16,100
9347,934800,50,24,100
9348,934900,47,8,100
9349,935000,50,8,100
9350,935100,50,0,100
9351,935200,47,6,100
9352,935300,50,16,100
9353,935400,47,14,100
9354,935500,47,24,100
9355,935600,50,16,100
9356,935700,50,16,100
9357,935800,47,6,100
9358,935900,50,26,100
9359,936000,47,22,100
9360,936100,50,16,100
9361,936200,50,8,100
9362,936300,50,8,100
9363,936400,50,8,100
9364,936500,50,24,100
9365,936600,47,36,100
9366,936700,50,16,100
9367,936800,47,14,100
9368,936900,50,18,100
9369,937000,50,16,100
9370,937100,47,22,100
9371,937200,50,8,100
9372,937300,50,0,100
9373,937400,47,14,100
9374,937500,47,16,100
9375,937600,50,24,100
9376,937700,50,16,100
9377,937800,50,18,100
9378,937900,47,22,100
9379,938000,50,16,100
9380,938100,50,16,100
9381,938200,47,-2,100
9382,938300,50,32,100
9383,938400,50,16,100
9384,938500,50,24,100
9385,938600,50,6,100
9386,938700,50,16,100
9387,938800,50,16,100
9388,938900,50,16,100
9389,939000,50,8,100
9390,939100,50,16,100
9391,939200,50,24,100
9392,939300,50,16,100
9393,939400,47,6,100
9394,939500,50,16,100
9395,939600,47,14,100
9396,939700,50,24,100
9397,939800,50,8,100
9398,939900,47,14,100
9399,940000,50,16,100
9400,940100,50,24,100
9401,940200,50,16,100
9402,940300,50,4,100
9403,940400,47,6,100
9404,940500,50,8,100
9405,940600,50,8,100
9406,940700,47,16,100
9407,940800,50,16,100
9408,940900,50,8,100
9409,941000,47,14,100
9410,941100,50,42,100
9411,941200,47,22,100
9412,941300,50,16,100
9413,941400,50,30,100
9414,941500,50,8,100
9415,941600,50,8,100
9416,941700,50,24,100
9417,941800,50,24,100
9418,941900,47,14,100
9419,942000,50,14,100
9420,942100,50,24,100
9421,942200,47,14,100
9422,942300,50,8,100
9423,942400,47,16,100
9424,942500,50,24,100
9425,942600,47,14,100
9426,942700,50,24,100
9427,942800,44,-4,100
9428,942900,47,30,100
9429,943000,47,16,100
9430,943100,50,16,100
9431,943200,47,14,100
9432,943300,50,20,100
9433,943400,50,8,100
9434,943500,50,0,100
9435,943600,50,16,100
9436,943700,50,24,100
9437,943800,50,16,100
9438,943900,50,8,100
9439,944000,50,16,100
9440,944100,50,18,100
9441,944200,50,24,100
9442,944300,50,32,100
9443,944400,50,24,100
9444,944500,47,8,100
9445,944600,50,32,100
9446,944700,50,32,100
9447,944800,50,24,100
9448,944900,50,24,100
9449,945000,50,16,100
9450,945100,50,32,100
9451,945200,50,18,100
9452,945300,50,16,100
9453,945400,50,24,100
9454,945500,47,6,100
9455,945600,47,22,100
9456,945700,47,14,100
9457,945800,47,14,100
9458,945900,50,24,100
9459,946000,50,30,100
9460,946100,47,16,100
9461,946200,50,16,100
9462,946300,50,8,100
9463,946400,50,26,100
9464,946500,47,10,100
9465,946600,44,12,100
9466,946700,50,16,100
9467,946800,47,22,100
9468,946900,47,14,100
9469,947000,50,0,100
9470,947100,50,20,100
9471,947200,47,30,100
9472,947300,50,16,100
9473,947400,50,24,100
9474,947500,50,8,100
9475,947600,50,32,100
9476,947700,50,8,100
9477,947800,50,24,100
9478,947900,47,14,100
9479,948000,50,32,100
9480,948100,50,24,100
9481,948200,50,16,100
9482,948300,50,18,100
9483,948400,44,14,100
9484,948500,50,8,100
9485,948600,50,14,100
9486,948700,47,22,100
9487,948800,47,22,100
9488,948900,50,8,100
9489,949000,50,16,100
9490,949100,50,16,100
9491,949200,50,28,100
9492,949300,47,30,100
9493,949400,50,10,100
9494,949500,47,14,100
9495,949600,47,6,100
9496,949700,44,12,100
9497,949800,47,-2,100
9498,949900,50,16,100
9499,950000,47,6,100
9500,950100,50,22,100
9501,950200,50,24,100
9502,950300,47,22,100
9503,950400,50,24,100
9504,950500,50,16,100
9505,950600,50,16,100
9506,950700,50,8,100
9507,950800,47,22,100
9508,950900,50,16,100
9509,951000,50,16,100
9510,951100,50,24,100
9511,951200,50,16,100
9512,951300,50,32,100
9513,951400,50,0,100
9514,951500,50,24,100
9515,951600,50,0,100
9516,951700,47,-2,100
9517,951800,47,30,100
9518,951900,47,6,100
9519,952000,50,8,100
9520,952100,50,8,100
9521,952200,47,-2,100
9522,952300,47,14,100
9523,952400,47,-2,100
9524,952500,50,16,100
9525,952600,50,8,100
9526,952700,50,24,100
9527,952800,47,12,100
9528,952900,47,-2,100
9529,953000,50,24,100
9530,953100,50,24,100
9531,953200,47,6,100
9532,953300,50,24,100
9533,953400,44,-4,100
9534,953500,50,8,100
9535,953600,47,16,100
9536,953700,44,28,100
9537,953800,50,8,100
9538,953900,50,16,100
9539,954000,50,16,100
9540,954100,50,24,100
9541,954200,50,28,100
9542,954300,47,22,100
9543,954400,47,-2,100
9544,954500,50,8,100
9545,954600,47,22,100
9546,954700,50,8,100
9547,954800,50,16,100
9548,954900,47,6,100
9549,955000,50,8,100
9550,955100,50,8,100
9551,955200,50,16,100
9552,955300,50,16,100
9553,955400,50,42,100
9554,955500,50,28,100
9555,955600,50,0,100
9556,955700,50,16,100
9557,955800,50,0,100
9558,955900,47,24,100
9559,956000,47,22,100
9560,956100,50,26,100
9561,956200,47,18,100
9562,956300,50,8,100
9563,956400,50,24,100
9564,956500,50,0,100
9565,956600,47,14,100
9566,956700,47,2,100
9567,956800,50,32,100
9568,956900,47,6,100
9569,957000,47,22,100
9570,957100,47,6,100
9571,957200,50,16,100
9572,957300,47,24,100
9573,957400,47,14,100
9574,957500,50,8,100
9575,957600,50,32,100
9576,957700,50,20,100
9577,957800,50,24,100
9578,957900,50,16,100
9579,958000,50,8,100
9580,958100,50,16,100
9581,958200,47,14,100
9582,958300,47,30,100
9583,958400,50,8,100
9584,958500,50,24,100
9585,958600,50,8,100
9586,958700,47,22,100
9587,958800,50,16,100
9588,958900,50,24,100
9589,959000,50,6,100
9590,959100,50,8,100
9591,959200,50,0,100
9592,959300,50,8,100
9593,959400,47,24,100
9594,959500,50,26,100
9595,959600,50,8,100
9596,959700,47,16,100
9597,959800,50,16,100
9598,959900,47,6,100
9599,960000,47,6,100
9600,960100,50,16,100
9601,960200,50,8,100
9602,960300,47,30,100
9603,960400,50,32,100
9604,960500,50,16,100
9605,960600,50,8,100
9606,960700,50,16,100
9607,960800,50,0,100
9608,960900,47,20,100
9609,961000,50,16,100
9610,961100,50,16,100
9611,961200,50,24,100
9612,961300,47,30,100
9613,961400,50,24,100
9614,961500,50,0,100
9615,961600,47,22,100
9616,961700,50,8,100
9617,961800,50,22,100
9618,961900,50,8,100
9619,962000,50,8,100
9620,962100,50,40,100
9621,962200,50,16,100
9622,962300,50,32,100
9623,962400,50,24,100
9624,962500,50,16,100
9625,962600,50,8,100
9626,962700,50,0,100
9627,962800,47,12,100
9628,962900,50,16,100
9629,963000,50,18,100
9630,963100,47,22,100
9631,963200,50,8,100
9632,963300,50,8,100
9633,963400,50,12,100
9634,963500,50,32,100
9635,963600,50,24,100
9636,963700,50,24,100
9637,963800,50,20,100
9638,963900,50,8,100
9639,964000,50,20,100
9640,964100,50,8,100
9641,964200,50,8,100
9642,964300,47,8,100
9643,964400,47,14,100
9644,964500,50,16,100
9645,964600,50,24,100
9646,964700,50,24,100
9647,964800,47,6,100
9648,964900,50,18,100
9649,965000,44,6,100
9650,965100,50,0,100
9651,965200,50,24,100
9652,965300,47,6,100
9653,965400,44,4,100
9654,965500,50,8,100
9655,965600,47,6,100
9656,965700,50,8,100
9657,965800,50,0,100
9658,965900,47,20,100
9659,966000,50,24,100
9660,966100,47,22,100
9661,966200,50,32,100
9662,966300,50,8,100
9663,966400,47,20,100
9664,966500,47,22,100
9665,966600,50,16,100
9666,966700,50,36,100
9667,966800,50,0,100
9668,966900,50,16,100
9669,967000,50,16,100
9670,967100,47,28,100
9671,967200,50,16,100
9672,967300,44,4,100
9673,967400,50,0,100
9674,967500,50,18,100
9675,967600,47,30,100
9676,967700,50,16,100
9677,967800,50,16,100
9678,967900,50,16,100
9679,968000,50,16,100
9680,968100,47,14,100
9681,968200,50,10,100
9682,968300,50,16,100
9683,968400,50,18,100
9684,968500,47,6,100
9685,968600,50,8,100
9686,968700,50,24,100
9687,968800,47,0,100
9688,968900,50,8,100
9689,969000,50,20,100
9690,969100,50,8,100
9691,969200,50,10,100
9692,969300,47,28,100
9693,969400,50,16,100
9694,969500,50,8,100
9695,969600,50,8,100
9696,969700,47,12,100
9697,969800,47,30,100
9698,969900,50,16,100
9699,970000,47,22,100
9700,970100,50,16,100
9701,970200,44,20,100
9702,970300,50,22,100
9703,970400,47,30,100
9704,970500,50,14,100
9705,970600,47,14,100
9706,970700,50,16,100
9707,970800,50,8,100
9708,970900,50,32,100
9709,971000,50,16,100
9710,971100,50,8,100
9711,971200,50,30,100
9712,971300,50,8,100
9713,971400,50,16,100
9714,971500,50,8,100
9715,971600,44,12,100
9716,971700,47,22,100
9717,971800,47,24,100
9718,971900,50,32,100
9719,972000,50,10,100
9720,972100,50,8,100
9721,972200,50,8,100
9722,972300,44,4,100
9723,972400,50,8,100
9724,972500,50,16,100
9725,972600,50,22,100
9726,972700,47,8,100
9727,972800,50,36,100
9728,972900,47,22,100
9729,973000,50,24,100
9730,973100,50,24,100
9731,973200,47,0,100
9732,973300,47,6,100
9733,973400,47,14,100
9734,973500,50,24,100
9735,973600,50,8,100
9736,973700,50,8,100
9737,973800,50,32,100
9738,973900,50,16,100
9739,974000,50,24,100
9740,974100,47,22,100
9741,974200,44,20,100
9742,974300,50,24,100
9743,974400,47,22,100
9744,974500,50,32,100
9745,974600,50,28,100
9746,974700,50,24,100
9747,974800,47,6,100
9748,974900,50,8,100
9749,975000,50,0,100
9750,975100,47,2,100
9751,975200,47,6,100
9752,975300,50,16,100
9753,975400,47,6,100
9754,975500,50,0,100
9755,975600,47,14,100
9756,975700,50,16,100
9757,975800,50,30,100
9758,975900,50,0,100
9759,976000,47,18,100
9760,976100,50,16,100
9761,976200,50,8,100
9762,976300,47,14,100
9763,976400,50,34,100
9764,976500,47,14,100
9765,976600,50,8,100
9766,976700,50,16,100
9767,976800,50,32,100
9768,976900,50,16,100
9769,977000,50,8,100
9770,977100,47,14,100
9771,977200,50,16,100
9772,977300,47,6,100
9773,977400,50,0,100
9774,977500,50,8,100
9775,977600,50,24,100
9776,977700,50,24,100
9777,977800,50,32,100
9778,977900,50,16,100
9779,978000,50,30,100
9780,978100,50,24,100
9781,978200,50,24,100
9782,978300,50,16,100
9783,978400,50,32,100
9784,978500,50,32,100
9785,978600,50,32,100
9786,978700,50,24,100
9787,978800,50,18,100
9788,978900,50,16,100
9789,979000,50,16,100
9790,979100,47,16,100
9791,979200,50,40,100
9792,979300,50,32,100
9793,979400,50,24,100
9794,979500,50,16,100
9795,979600,50,24,100
9796,979700,50,16,100
9797,979800,50,30,100
9798,979900,50,24,100
9799,980000,50,24,100
9800,980100,50,30,100
9801,980200,50,16,100
9802,980300,50,16,100
9803,980400,50,0,100
9804,980500,47,14,100
9805,980600,50,8,100
9806,980700,50,28,100
9807,980800,47,22,100
9808,980900,50,0,100
9809,981000,47,14,100
9810,981100,50,8,100
9811,981200,50,8,100
9812,981300,50,12,100
9813,981400,47,6,100
9814,981500,47,14,100
9815,981600,50,8,100
9816,981700,47,22,100
9817,981800,50,8,100
9818,981900,50,20,100
9819,982000,50,12,100
9820,982100,50,8,100
9821,982200,50,30,100
9822,982300,50,24,100
9823,982400,50,8,100
9824,982500,47,-2,100
9825,982600,47,0,100
9826,982700,44,12,100
9827,982800,47,14,100
9828,982900,50,8,100
9829,983000,50,16,100
9830,983100,47,14,100
9831,983200,50,40,100
9832,983300,47,6,100
9833,983400,50,0,100
9834,983500,50,0,100
9835,983600,50,16,100
9836,983700,47,14,100
9837,983800,50,24,100
9838,983900,50,8,100
9839,984000,50,32,100
9840,984100,47,26,100
9841,984200,50,24,100
9842,984300,47,14,100
9843,984400,47,40,100
9844,984500,50,0,100
9845,984600,50,8,100
9846,984700,50,8,100
9847,984800,47,14,100
9848,984900,50,24,100
9849,985000,47,14,100
9850,985100,47,6,100
9851,985200,50,8,100
9852,985300,50,26,100
9853,985400,47,14,100
9854,985500,50,38,100
9855,985600,50,16,100
9856,985700,47,14,100
9857,985800,47,16,100
9858,985900,50,16,100
9859,986000,47,14,100
9860,986100,50,8,100
9861,986200,50,16,100
9862,986300,50,18,100
9863,986400,50,24,100
9864,986500,50,0,100
9865,986600,50,16,100
9866,986700,50,8,100
9867,986800,50,16,100
9868,986900,50,24,100
9869,987000,50,16,100
9870,987100,50,16,100
9871,987200,50,24,100
9872,987300,44,22,100
9873,987400,47,24,100
9874,987500,50,8,100
9875,987600,50,32,100
9876,987700,50,8,100
9877,987800,50,16,100
9878,987900,47,12,100
9879,988000,50,40,100
9880,988100,50,8,100
9881,988200,50,18,100
9882,988300,50,16,100
9883,988400,47,6,100
9884,988500,50,8,100
9885,988600,50,16,100
9886,988700,50,16,100
9887,988800,47,22,100
9888,988900,50,32,100
9889,989000,50,0,100
9890,989100,50,16,100
9891,989200,50,22,100
9892,989300,47,6,100
9893,989400,50,16,100
9894,989500,50,24,100
9895,989600,50,24,100
9896,989700,50,24,100
9897,989800,50,42,100
9898,989900,44,20,100
9899,990000,47,-2,100
9900,990100,50,26,100
9901,990200,50,16,100
9902,990300,47,14,100
9903,990400,50,24,100
9904,990500,50,32,100
9905,990600,47,2,100
9906,990700,50,32,100
9907,990800,50,24,100
9908,990900,47,6,100
9909,991000,50,8,100
9910,991100,47,14,100
9911,991200,47,40,100
9912,991300,47,38,100
9913,991400,47,6,100
9914,991500,47,6,100
9915,991600,50,8,100
9916,991700,50,22,100
9917,991800,50,8,100
9918,991900,50,24,100
9919,992000,47,-2,100
9920,992100,50,0,100
9921,992200,50,16,100
9922,992300,50,16,100
9923,992400,50,16,100
9924,992500,50,8,100
9925,992600,50,22,100
9926,992700,47,14,100
9927,992800,50,20,100
9928,992900,47,22,100
9929,993000,50,22,100
9930,993100,50,24,100
9931,993200,50,24,100
9932,993300,50,26,100
9933,993400,50,16,100
9934,993500,50,24,100
9935,993600,44,-4,100
9936,993700,47,22,100
9937,993800,50,24,100
9938,993900,50,32,100
9939,994000,47,30,100
9940,994100,50,16,100
9941,994200,50,16,100
9942,994300,50,8,100
9943,994400,50,16,100
9944,994500,50,16,100
9945,994600,47,14,100
9946,994700,47,14,100
9947,994800,50,16,100
9948,994900,50,24,100
9949,995000,50,20,100
9950,995100,50,8,100
9951,995200,50,32,100
9952,995300,50,16,100
9953,995400,50,8,100
9954,995500,50,16,100
9955,995600,50,8,100
9956,995700,50,16,100
9957,995800,47,6,100
9958,995900,50,32,100
9959,996000,47,-2,100
9960,996100,50,16,100
9961,996200,50,24,100
9962,996300,50,16,100
9963,996400,50,26,100
9964,996500,50,8,100
9965,996600,50,8,100
9966,996700,47,6,100
9967,996800,50,26,100
9968,996900,44,-4,100
9969,997000,50,24,100
9970,997100,47,6,100
9971,997200,47,22,100
9972,997300,50,24,100
9973,997400,50,24,100
9974,997500,50,0,100
9975,997600,50,32,100
9976,997700,47,30,100
9977,997800,50,8,100
9978,997900,47,14,100
9979,998000,50,16,100
9980,998100,50,20,100
9981,998200,50,22,100
9982,998300,47,10,100
9983,998400,47,26,100
9984,998500,47,14,100
9985,998600,47,14,100
9986,998700,50,24,100
9987,998800,50,0,100
9988,998900,50,30,100
9989,999000,50,0,100
9990,999100,47,-2,100
9991,999200,50,16,100
9992,999300,50,16,100
9993,999400,47,22,100
9994,999500,50,16,100
9995,999600,50,28,100
9996,999700,50,10,100
9997,999800,47,30,100
9998,999900,47,12,100
9999,1000000,50,8,100
